,0,1,2,3,4,5,6,7,8,9
105_city,-1.8621302,3.8506026,2.3481348,-3.3929825,-3.5365884,2.1789021,1.1535347,-0.16002594,0.1206912,-0.5805974
105_rural,-2.2606184,5.7892857,1.4490161,-2.3786104,-1.9015052,3.961936,2.5360904,-0.23779008,0.12707028,-1.4514419
105_town,-0.89419484,5.4929776,0.94748396,-1.1500645,-1.1481701,2.0973122,1.296267,-0.99586916,1.4582772,-0.54045486
13_city,0.46470335,-0.92954135,0.68010354,-1.0444893,-1.7734939,-0.80452335,-2.0973985,0.24375606,-1.956893,0.6900362
13_rural,0.81147027,0.30190626,-1.0485764,-0.7038242,1.8649176,0.38392982,-0.64690673,-1.0135524,-2.9988048,-1.1265273
13_town,1.8589252,-0.7162164,-1.5231625,-1.039586,-0.7893603,-0.7388648,-2.6339977,0.45854816,-1.5317494,0.31764132
14_city,2.532302,0.16682969,0.7065537,-1.5231962,-0.87706894,-0.006169161,0.3044414,-2.447472,-0.9977125,0.07365863
14_rural,-0.50454736,3.667804,-0.11945618,-2.3103433,-1.6842417,1.9437823,1.6689048,0.81085974,-1.1465255,-0.65714157
14_town,1.556308,1.6198237,-1.0408006,-2.620292,-1.9442626,0.40242186,-0.60214823,-0.17939864,0.45179892,-0.4482137
154_city,1.29522,1.0810081,0.77726936,-2.524879,-2.7042677,0.48364085,0.4100403,0.46451482,-0.36868098,-0.42790216
154_rural,0.012665449,3.4265609,1.0909245,-2.736834,-0.6057032,1.7659423,1.941171,0.5684946,0.6292187,-1.7621378
154_town,0.01282534,2.8833115,0.39682394,-1.4632535,-1.5491152,-0.31818885,-0.28696573,0.106624074,0.6562516,-0.119378194
155_city,0.6512223,2.3922496,1.2925639,-0.9370704,-0.9897294,1.5658486,1.329489,-3.9018667,-1.0591779,-0.12737845
155_rural,-0.84016377,2.8130064,0.8355405,-1.589727,0.3339257,2.3315601,1.829801,-3.3855379,-1.0589305,-1.7080209
155_town,-0.121019915,3.1827168,-0.62227875,-1.8348471,0.6744461,1.9414903,1.5079216,-3.492168,0.29764557,-0.50808024
156_city,1.0784833,1.9266735,1.2969817,-1.1565788,-0.964081,1.5662984,2.865321,-2.5585015,0.20781632,-0.17488936
156_rural,0.102748886,3.771712,0.7629511,-1.9690173,0.059571814,2.1876872,3.2011049,-2.120609,-0.53667283,-1.2099148
156_town,-0.7245628,5.1350546,-0.17603557,-0.64010084,-2.3640246,2.4624598,1.8525101,-0.8506003,0.07301084,0.3281197
157_city,-0.107735544,2.4312959,1.4270118,-1.6905841,-3.8893473,1.4702536,1.3678088,0.0025722657,-0.4939857,-0.48789784
157_rural,-0.29617086,3.2160788,-0.016922593,-0.8489245,-1.4016516,3.217927,3.4942024,-0.12019506,0.4084301,-0.8079769
157_town,-0.7143348,4.0454493,-0.07739783,-1.6262248,-1.4947011,1.9527166,2.5388286,-1.1058332,1.8380383,-0.11597912
159_city,-0.17150657,2.1399345,1.535051,-1.771572,-1.9929277,1.2871277,2.6636033,-1.2131836,0.7488421,-0.047630902
159_rural,2.248771,1.6892549,-0.028254576,-0.84714144,1.8495384,1.1447634,1.8338293,-2.7093186,-0.95402163,-1.8225988
159_town,1.2021121,2.9132974,-0.46578035,-0.40595242,0.8782995,0.084934555,-0.04849533,-3.0106268,0.50456655,-0.69673574
15_city,2.6181288,0.10558636,1.4337665,-2.0338173,-1.6320305,-0.5492294,-0.841231,-1.5168405,-0.3184008,0.841115
15_rural,4.3902063,0.23448552,0.3233818,-2.8367248,0.59787846,-0.5026299,-2.2495852,-0.9789346,-3.0516517,-1.0715578
15_town,4.374045,-0.42705673,-0.9282222,-2.883579,-1.240124,-1.7219371,-4.7749243,-1.0223037,-1.0572137,-0.25613198
163_city,1.5346096,0.94472224,1.4405867,-2.1976438,-1.7129695,0.92229295,0.80843276,-1.7639931,-0.7113102,-0.21969952
163_rural,0.3178569,2.7212715,0.09300252,-1.4311891,-0.9749595,2.216107,2.4956498,0.43128327,-0.58931506,-1.0129979
163_town,0.9494444,2.6467786,0.03970216,-1.293031,0.05531196,0.40977004,0.040519692,-1.9650073,-0.27480838,-0.73957723
164_city,1.5176406,0.7590859,0.76990896,-0.60403836,2.2697995,0.5264536,1.362733,-3.7613368,-0.9813606,0.8658217
164_rural,7.8323293,-1.2123158,-0.24085373,0.47285503,6.7430296,-1.612199,-0.35902536,-7.730885,-4.100358,-1.022574
164_town,1.6042337,1.5597253,0.7017086,-1.3565317,2.2261064,0.5983849,0.991351,-4.2086043,-0.9209806,0.022837065
165_city,-2.557801,-1.0243769,0.40654877,-4.681716,-9.963886,0.070175156,-3.8919392,8.635947,2.5749447,-1.0775958
165_rural,16.579638,-9.805309,-1.2152971,2.9140437,12.134799,-7.575151,-8.962019,-11.149769,-7.350098,-2.7379274
166_city,0.43661588,-0.9495552,0.6689576,-2.8651142,-2.670209,-1.2127877,-1.0304159,1.5170571,-0.49028063,1.2710028
166_rural,3.385821,-1.985339,-0.58205134,-0.6550361,1.6555068,-1.3984759,-2.2643876,-0.6963528,-2.7886345,-1.025013
166_town,-1.2477496,2.1354384,-0.5654721,-1.9809123,-0.9924802,0.029748458,0.345464,1.391539,0.50628835,1.2605016
167_city,0.8274892,-0.7065363,1.53865,-3.7856932,-4.7092957,-0.767038,-2.6544826,2.044813,-0.18131916,-0.45987543
167_rural,2.4329925,1.6280468,0.5476981,-0.6773221,1.8133214,0.7944046,0.89735955,-3.31127,-1.4963546,-1.5514984
167_town,-1.2202879,3.782315,0.6812275,-1.4519087,-1.0254053,1.3584962,0.45736647,-0.39737216,0.5266115,-0.6174445
169_city,2.2842715,-1.4417683,0.5665313,-1.4376321,-2.2361956,-0.7601008,-2.7314682,1.4242328,-0.31736788,0.008586218
169_rural,0.20777826,1.7066339,0.4643795,-1.53158,-0.9963692,1.0429934,1.1816188,0.17337139,-0.3671029,-1.0081518
169_town,-7.3435616,7.201592,1.7725347,-0.43354443,-2.363833,4.146216,5.4180207,3.0116382,2.9633029,-0.7185566
173_city,-0.40739733,1.54615,0.5132447,-2.24428,-2.703398,0.21537277,0.16727638,1.675083,-0.1928402,-0.0015589631
173_rural,-2.730006,5.9207644,1.6758094,-1.5955538,-0.04644018,2.6501312,4.209238,-0.6473327,0.39217362,0.11838477
173_town,-2.6857255,4.397318,1.1505843,-3.0728493,-3.155382,1.9568833,2.111514,2.1204293,0.7490724,0.20859374
174_city,1.4390285,1.9440889,2.058007,-1.1861778,-1.053338,0.9334048,1.0094928,-1.0437678,-0.51680464,0.7195114
174_rural,-0.28698212,3.2600982,0.64987236,-2.2326834,0.4593961,2.2408051,1.6636953,-1.3739705,-1.0831283,-1.2840841
174_town,-1.8369924,4.157093,0.07820071,-2.2338781,-1.4391187,2.014118,1.8634157,0.16797474,1.3855175,0.19503556
176_city,1.5796819,2.0040696,1.1927059,0.3011817,1.1013091,1.1072974,1.3745142,-2.5737553,-1.943633,0.056978464
176_rural,-1.5436037,3.4093113,0.8620844,0.4114814,0.8233927,2.1133995,1.8552585,-0.032585144,-0.66118133,-0.7322108
176_town,-0.86811584,4.0590687,0.5240578,0.6119255,1.1639997,1.938866,2.2888694,-1.4532737,-0.6156981,-0.2058279
177_city,7.542945,-2.5299857,1.8123308,0.074903905,4.486505,-2.0774782,-2.4729893,-7.1618376,-3.6552217,-1.3296095
177_rural,4.7054625,0.10657161,0.5275382,-0.67137825,3.2777174,0.3033141,-1.2880098,-4.7913904,-3.592225,-1.9456183
177_town,1.6579734,2.7009778,0.38283187,0.015295368,2.0913754,0.6296419,-0.4044183,-3.693918,-0.5408861,-0.5762004
178_city,0.9558512,-1.892992,-0.108542494,-3.58868,-5.936768,-2.0480292,-3.3866725,3.227525,-0.07683486,0.74768496
178_rural,-1.4928986,3.554604,0.9718558,-1.2112354,0.2616501,0.8182713,2.153147,-0.7389904,-0.85292995,0.008541405
178_town,-2.4543447,4.1686034,0.70312893,-2.813902,-3.2700152,1.1130903,1.3008701,3.0536656,0.7878429,0.8934661
183_city,-0.23103873,1.1871274,0.6906761,-0.9130527,-0.63369757,0.29341826,1.674002,-1.0667589,-1.1634554,-0.4633494
183_rural,-7.73021,8.504761,2.3257558,0.36574736,-0.7263709,5.0461016,7.4036846,1.2888116,2.1224976,-0.43031603
183_town,-4.3873262,5.3895717,1.549079,-2.6971211,-2.4045262,2.827567,3.2689705,1.2200949,1.1369945,0.22261916
185_city,-0.57063776,-0.247837,1.7043167,-0.6609459,-1.0152569,0.5362443,1.2042953,-0.2507725,-0.06608624,-0.338626
185_rural,-0.7276483,1.9314693,0.33401954,-1.2267365,1.5934741,1.3270506,2.1995938,-1.2704729,-1.0346681,-0.8031772
185_town,-0.75100064,2.2006438,-0.007165301,-1.2415471,1.7462901,0.4982421,1.3160851,-0.88010705,0.5872951,0.025389517
186_city,1.3777196,0.5038327,1.0438433,-0.19453277,1.2053775,0.90086997,0.91971433,-2.7269714,-0.7238123,-0.20551357
186_rural,1.7308073,2.2823873,1.0578014,1.0786548,5.3958883,0.41846618,1.7101048,-4.692026,-1.7811067,-1.3551308
186_town,-2.164093,4.1795654,0.5065017,0.20643845,1.4469123,2.4717543,2.7689383,-1.606839,0.4003104,-0.523917
187_city,0.3302969,2.1306324,1.2996367,-1.049323,0.34909305,0.91644335,1.6105559,-1.9850779,-1.8522836,-0.3610192
187_town,-3.6423004,5.363679,0.97680134,-1.5871521,-1.3205639,2.8133676,3.2517943,0.606848,0.63130164,0.027898794
188_city,-2.3622634,1.1903062,1.8669914,-1.493889,-0.36855012,0.77774465,1.7872318,-1.0528126,-0.13613634,-0.8872506
188_rural,-3.0507112,3.310732,0.6880444,-0.91199666,0.49417776,2.7473013,3.7200909,-0.26481536,0.72496665,-1.4223813
188_town,-2.809941,3.407662,0.072344355,-0.4383816,0.89814895,1.7323047,2.1206288,-1.3635951,1.0081985,-0.065190785
189_city,-5.5750813,5.365101,2.0197272,-0.3228575,-2.144176,3.1305585,4.8001685,1.9418677,2.1983802,0.3475175
189_rural,0.74519306,2.6800041,0.75572765,-0.15892226,2.8454204,0.85101014,1.5879571,-3.0376916,-1.3374839,-0.8426091
189_town,0.28783205,1.3548735,-0.16956927,0.34283182,3.2140949,0.18377542,1.2908803,-2.521984,-0.3553963,-0.9271308
18_city,5.7821393,-1.3841928,0.7061229,0.53718805,4.204577,-1.7146637,-1.7109176,-4.552559,-3.3720164,0.66820633
18_rural,2.0714047,0.41833606,-0.49032974,-0.5259637,1.6550192,0.10035456,-0.8509411,-1.3226135,-2.6440415,-0.7856738
18_town,3.3783114,0.417856,-0.6413121,-0.009700053,3.1089427,-0.5754023,-0.7151046,-1.782416,-1.8220416,0.417869
193_city,-1.2759345,3.8024473,1.7822493,-0.72374076,1.110675,1.9952018,3.0548434,-2.6685495,0.38632116,-0.68261516
193_town,7.273912,-9.876207,-1.3617389,-4.423325,-7.547173,-6.277549,-12.668843,6.250048,-1.3704834,-2.1130164
194_city,-1.4733466,1.952293,1.5313636,-1.8612908,-1.2047846,1.5415103,2.5942602,-0.22499144,-0.18488356,-0.107894786
194_rural,4.215989,-1.7255871,0.23755711,0.22810067,3.7766247,-0.76958805,-1.8196008,-3.0139737,-2.1018405,-2.2783628
194_town,0.810272,1.4063418,-0.117229775,-0.2478541,1.6237421,-0.7303012,-0.26142988,-1.8255484,-0.5626304,-0.64100575
195_city,1.7162398,-1.9311459,-0.078690216,-2.665777,-4.161374,-1.4343374,-2.582394,1.4801276,-0.45840335,0.06766298
195_rural,-1.9882383,4.4987755,0.7082659,-0.030700251,0.88013786,2.2627182,3.1686292,-1.0621623,-0.5578738,-0.63337135
195_town,-2.9405775,3.2696857,0.18584873,-1.940159,-2.3939023,1.0708699,0.5423231,1.8023767,0.2960095,0.4067179
198_city,-9.648244,8.269904,2.230869,-0.8740422,-4.5706587,5.4121017,6.6230083,4.932177,3.4764113,-0.26037258
198_rural,1.4362972,-0.56167644,0.23390755,-0.49984327,0.083693676,-0.42084324,-1.9027442,0.4023607,-1.1120515,-0.853922
198_town,-6.3813667,6.604957,1.6384926,-1.4179698,-2.8888829,3.800817,4.534088,2.3941112,2.0680304,-0.16914196
199_city,-3.9743104,5.2684903,2.307747,-0.6992879,-2.2295349,3.220333,4.331627,-0.028265899,1.0622525,-0.29968995
199_rural,-2.721055,4.6434894,0.9577285,-1.3213061,-0.18050589,2.8455067,3.0994325,0.5086475,0.6989991,-0.8130216
199_town,-3.7977848,5.527551,1.0953705,-0.64398354,-0.25200835,3.1012883,4.031638,-0.19450468,1.515279,-0.19909857
19_city,-0.30744895,3.1027784,1.1169965,-0.1683316,-0.51409996,1.5609351,1.0839282,-0.544642,-0.34304684,-0.38849685
19_rural,-3.535403,4.582913,1.3248599,-0.47894657,-1.6164684,3.080929,2.507277,1.7381998,0.3943521,-0.68223155
203_city,-0.15506938,1.4353908,1.9858644,-2.151981,-1.6868583,0.5884847,0.1286095,-1.4895375,1.1144336,-0.33502096
203_rural,1.4570847,1.9169636,0.7047037,-2.8712423,0.686943,1.6646872,0.55123466,-1.436392,0.20938717,-1.4112473
203_town,-1.2421024,3.6513944,0.9525377,-2.167923,0.7274976,1.3532484,0.43626463,-1.9547738,1.3617249,-0.4201038
204_city,-4.7651668,6.5001082,2.4340553,-2.5601017,-1.6389507,3.9500566,4.53319,-0.29848045,1.8787775,-0.63486797
204_rural,1.1356995,1.8602257,1.0613931,-2.0452912,0.4570272,0.91964936,-0.06255769,-2.6074493,-0.3087426,-1.3201184
204_town,-3.9725206,5.882796,1.9273278,-2.9195569,-2.8944266,3.5851698,2.8405452,0.5653598,2.072886,-1.1078206
205_city,3.9986575,-0.99013263,0.8923352,-1.0745882,3.1847973,-1.0401167,-1.1344692,-5.4267473,-2.0148592,-0.34687287
205_rural,5.5088177,-1.1186757,0.054230314,-1.160729,4.759016,-1.2928276,-1.5015049,-5.7728534,-2.8555522,-1.1158761
205_town,-1.976131,3.4837694,0.0028359222,-1.9205928,-0.46513346,1.5516045,1.948621,-1.0570364,0.35235003,0.0598478
206_city,0.3112922,1.4548478,1.7848961,-2.0493312,-0.731728,-0.18259546,-0.98035747,-1.6502876,0.5846373,0.19715545
206_rural,-1.1440445,2.2905486,0.7463534,-1.977047,-0.23471616,1.7008171,1.0597141,-0.4536855,-0.029499969,-0.5458283
206_town,1.7243086,0.7006472,0.6797782,-1.8660884,0.3761387,-0.52680546,-1.7975864,-1.7954173,0.19187029,-0.72254217
207_city,3.8751667,-0.13723129,2.027451,-2.1585755,1.050479,0.044255663,-1.5147495,-4.6742167,-0.9899595,-0.5929582
207_rural,3.8383412,1.7731903,0.62888867,-1.442841,2.0182931,0.9533317,-1.4316243,-3.0428407,-2.6650653,-1.5450726
207_town,2.7538564,1.9359868,0.31160855,-1.5225058,1.0574777,1.046376,-1.7110435,-3.8751345,-0.5300238,-1.2862436
208_city,0.34848627,0.8079127,2.194419,-1.4490916,-0.71631783,0.14016554,-0.6346096,-2.9621136,-0.0996353,-0.22566435
208_rural,2.2057536,1.7207408,0.72901917,-1.8830738,1.1884209,1.1719823,0.19291694,-1.9535105,-0.93535215,-1.7396863
208_town,0.046059906,3.397036,0.7049688,-1.6027951,0.45171237,0.79764664,-0.47467834,-1.3970946,1.3574791,-0.9458597
214_city,0.9327468,-1.0287492,1.8698254,-1.8053557,-0.5451821,0.32580066,1.0828328,0.17465,0.9183552,-0.36828363
214_rural,0.119802594,0.5205271,0.72229856,-1.1217139,1.3065761,1.1973398,1.5970833,1.5704882,0.15513726,-1.8423499
214_town,-0.842433,0.70521975,0.013542123,-0.87211865,1.3468685,-0.17147933,0.048746813,0.24721941,1.5271661,-0.2464039
217_city,-1.6516995,-0.08859785,1.6451839,-1.3633342,-1.541812,-0.105535,0.8100823,2.0707424,0.42832187,-1.1599774
217_rural,-2.8558686,3.6028144,0.48354435,-0.9537371,-1.0249835,1.7065052,2.7468553,1.7783775,1.2044168,-1.3906447
217_town,-0.7268288,1.9172925,0.70166284,-0.77451867,1.8367431,-0.023415621,1.3820158,0.36821198,2.3202705,-1.2264965
218_city,-1.3191968,0.94254315,0.78009254,0.35044542,1.2350987,0.4209499,1.5024608,1.2978128,0.3577721,-0.09938504
218_rural,-4.431365,4.6907067,1.3885897,0.044079423,0.046520997,2.5498145,4.8603854,1.2713147,1.8629069,-0.49728408
218_town,2.1529908,-0.6558252,0.05696624,0.44100198,2.707227,-0.9900854,-0.73427474,-1.000707,-0.40144497,-1.3394634
223_city,-2.9681184,3.375348,2.4326959,-0.36480853,-1.1191586,2.0360224,3.6024187,0.025231106,2.3440213,-0.48179415
223_rural,-1.8597605,3.6792717,2.321727,-0.9406448,-1.5130321,2.6688263,3.0843241,1.9519345,0.6825871,-2.0280483
223_town,-1.6530935,3.2018402,1.0962297,-0.9828819,1.3866326,1.273664,2.1363208,-1.0304602,2.054503,-0.86207306
224_city,-1.5468074,1.5348793,2.311695,-0.6655852,-2.0692074,0.8491341,1.7879105,1.1387128,2.7514162,-0.21325316
224_rural,0.02253243,1.4981514,1.8547868,-0.26194006,1.9470625,0.63821465,2.4575322,-0.15893222,1.3120204,-2.262855
224_town,0.45290053,1.8182366,0.26693612,-0.64258164,2.7949088,-0.27838567,0.39821497,-1.6793973,1.7272421,-1.6777577
225_city,-9.179042,9.14006,2.7730484,-0.67595553,-2.8919842,5.697383,7.713839,2.6071742,3.8568385,-0.29986188
226_city,1.1855948,-3.202615,0.5447186,-3.7259576,-6.8357043,-1.5077678,-5.7064652,6.8303137,0.553088,-0.71009374
226_rural,1.3316206,-1.5174801,0.8374008,-2.2407484,-3.6038618,-1.1708419,-4.348471,4.4701605,-0.26880193,-1.2015175
226_town,4.4458914,-1.8491194,0.71570987,-0.26416302,1.9816827,-2.401505,-3.5703146,-1.1955836,-1.6382937,-0.9432967
227_city,2.0257022,-3.3723438,0.17971295,-3.0569715,-4.857467,-2.0008767,-5.4044933,3.8929656,0.26379615,-1.2096615
227_rural,-4.09128,3.434933,1.8011883,-0.49011132,-2.6193259,2.1079419,3.044293,2.2810946,2.1378314,-1.1260878
227_town,-2.9640732,2.8434184,1.1845902,-0.5318121,-0.80936146,1.783816,1.7496959,1.7902067,1.6155627,-0.8388394
228_city,1.0801562,-1.0543265,0.691132,-1.2681819,-0.17287534,-0.03639484,-0.9789452,-1.4473805,-0.29594183,-0.13462321
228_rural,3.9893029,-0.37549523,0.093376294,0.11093472,4.7452974,-0.33861685,-1.009986,-4.733588,-2.5092204,-1.6170671
228_town,1.66555,0.21483697,-0.3974031,-0.129178,3.1615531,-0.7114098,-0.04096057,-3.304133,-0.69687164,-0.7518536
229_city,-1.8160368,0.33477178,1.3602263,-2.1848683,-0.98846686,0.12194288,2.6372592,1.0446904,0.25839275,0.75981563
229_rural,-0.025007004,0.2232686,-0.56485313,-1.4035827,0.86090916,0.9365198,3.0113473,0.7390352,0.79004127,-0.7019105
229_town,-1.8234788,2.562993,-0.026837787,-1.5975095,0.05871301,0.07306622,1.7178036,-0.37217087,1.6587178,1.0132538
22_city,2.8718548,-1.9536159,1.2725819,-2.075828,0.17971528,-0.82494557,-1.5965656,-0.50296956,-1.8451824,-0.3950262
22_rural,2.9168496,0.08417478,-0.5391839,0.7332317,3.9493942,0.65350384,2.108649,-1.5692917,-2.0943122,-0.6998154
22_town,0.12582543,2.4679008,0.05890927,1.48444,3.1141183,-0.46532282,-0.7734413,-2.4563937,-0.8578706,0.30027187
233_city,-1.1730025,-0.74917024,1.5300173,-1.2167401,-2.4089682,-0.26117072,-1.335356,2.3082829,1.3140192,-0.47495517
233_rural,-4.236811,2.8356826,1.3362304,-1.1440485,-0.08967502,2.2935147,3.1273932,2.8321915,1.4507706,-1.0194762
233_town,3.6094556,-3.4354885,-0.6741329,-0.7605201,3.6918628,-1.570921,-3.0354352,-1.5357151,-0.6336318,-1.6010684
235_city,0.2832348,0.10515671,1.9629388,-0.97832257,0.12261415,0.45263094,1.4801784,-1.0087796,0.58913183,0.073796794
235_rural,5.83845,-2.3929949,-0.2493302,0.93991745,7.0955434,-2.047459,-1.1538619,-4.93448,-3.899012,-1.5306984
235_town,0.5102557,0.70023334,-0.18310282,-1.2648323,2.5798206,-0.18589023,-1.0481285,-0.77530247,-0.4519643,-0.9945676
23_city,0.14488369,0.8668296,0.8619132,-1.5927466,0.06905793,-0.03574331,-0.12666763,-0.15852387,-1.4594747,1.7091615
23_rural,-0.15528323,2.8558943,0.23238365,-1.4073563,1.647385,1.1847893,1.6956487,-0.9927103,-2.165697,0.12222093
23_town,-0.38343626,3.0413496,-0.63775676,-1.9436975,0.09197788,0.49720472,0.66706413,-0.5102156,-0.17405787,1.3322161
253_city,2.1829107,-0.9430504,0.1271494,-2.4125242,-1.6175073,-1.7257959,-2.6966584,-0.44056728,-1.9552572,1.1533569
253_rural,2.2461817,-1.6118234,-0.6241746,-1.77945,1.6496922,-0.6103249,-2.4044027,-0.013867694,-2.9637952,-0.44813356
253_town,-0.22654304,1.1987813,-0.28404215,-1.2408311,1.1215556,-0.6626678,-1.7233722,-0.8626604,-0.9770501,0.7997247
254_city,2.4249067,-0.98168087,0.60691583,-1.2768993,0.0059439195,-0.9689564,-1.4766344,-0.8388094,-1.9724153,0.7098723
254_rural,4.9242773,-0.37365618,-0.09966451,-0.72477335,4.963913,-0.983089,-1.0951879,-4.2060313,-3.606488,-0.26811385
254_town,3.0909317,-0.56981874,-0.86902833,-1.4377128,0.717761,-1.3595917,-3.3786676,-0.8529173,-2.06317,0.06707204
255_city,2.4752004,-1.6763505,0.4116555,-1.8208525,-0.7252141,-1.7990472,-2.886759,0.15251908,-2.1573648,1.3841153
255_rural,0.9475834,0.034982994,0.15187979,-0.15917546,2.467152,0.30464265,0.42009202,-0.88641566,-1.7881529,-0.92714334
255_town,4.6893053,-1.0356845,-0.9565029,-0.5611474,3.641955,-2.1817586,-2.8858664,-3.3689451,-3.0241644,0.11869792
256_city,-1.6515081,-0.21336618,0.42334947,-2.2745569,-6.173,-0.24778484,-1.745533,4.9431267,0.1824723,0.95290947
256_rural,-0.11583137,2.7021341,0.5088452,-0.4130504,1.2992364,1.1495525,1.6272446,-1.2035463,-1.1839211,-0.73413193
256_town,-0.568621,1.9814405,-0.3354479,-0.929066,-0.07113755,0.84829336,0.71321064,-0.45183736,-0.21382481,0.33248207
258_city,7.9316144,-5.1564693,-0.026419614,-0.0076714926,3.8116207,-4.336663,-4.1400867,-2.8682275,-3.465654,-0.8420092
258_rural,-3.7669196,2.8213243,1.1243834,-1.6267089,-3.0276544,1.7936002,1.4738133,4.7609196,1.9303273,0.08576451
258_town,5.8846955,-3.8763616,-1.2075132,0.16301037,2.5970361,-3.97421,-4.0759873,-1.220333,-2.2186236,-0.5353831
274_city,0.102417395,-2.1437526,0.31759506,-1.7929041,-1.8398615,-0.9536289,-1.8681194,0.5932876,-1.6445557,0.69562215
274_rural,1.8258723,-0.027207557,-1.4916344,-0.22463255,0.4278348,0.8066337,-0.7737191,-0.7058,-2.7865317,-0.7835672
274_town,-0.35146853,0.33834174,-1.1639476,-1.4315467,-0.91649944,-0.063738815,-2.5315576,1.1311203,-0.81818813,0.409459
275_city,2.370771,-1.5037136,0.7119153,-0.81300646,0.73249274,-0.79745007,-1.3283927,-2.4428122,-2.5547361,0.09518855
275_rural,1.6670831,-0.43612197,-0.34136266,-0.45576546,2.2939925,0.6137789,0.3927151,-1.896342,-2.9694915,-0.8780142
275_town,0.98284847,0.91966116,-1.1699594,-0.06268238,1.6395978,0.14966217,-1.5327958,-2.373533,-1.6282234,-0.02667931
276_city,1.1508883,-0.5424231,1.3038479,-0.42265576,0.901368,0.41457552,-0.12722029,-3.4959633,-1.8394067,-0.020055968
276_rural,0.7996228,0.7778039,-0.41625565,-0.9239915,2.7948513,1.2459155,-0.025217662,-3.0753787,-2.9751713,-1.419696
276_town,0.10249581,1.4964534,-0.7764547,-0.26659864,1.1231912,1.0727507,-0.7270988,-3.2566187,-0.79928035,0.010476875
277_city,5.4223824,-1.935221,0.95546097,1.0633711,4.834348,-1.9436207,-1.6992322,-6.3608303,-4.140839,-0.4508892
277_rural,2.8351543,0.20987242,-0.6371323,-0.12136919,4.0968924,0.31872636,0.1502303,-5.108566,-2.7666838,-0.5528441
277_town,5.6656437,-2.0841565,-0.9127955,0.58608997,5.877945,-1.999648,-3.099954,-5.40554,-3.7371378,0.03783136
283_city,1.988724,1.3453263,1.2274019,-0.83278096,2.023951,0.47260198,1.0262142,-3.6898313,-0.9529342,-0.03806105
283_rural,2.2467878,1.8230716,0.10281333,0.20600492,4.8322115,0.60828567,1.3598104,-5.583334,-2.4907193,-1.2886969
283_town,11.621004,-5.1147494,-1.2775829,1.4286549,9.491118,-4.673522,-5.3551984,-9.661017,-5.428266,-0.8688557
28_city,7.8255186,-2.8547273,0.14940949,1.2583879,7.1406617,-2.3945675,-2.5008438,-6.78511,-4.265082,-0.97641945
28_rural,3.8879569,-0.27686325,0.14739342,1.3607688,5.254731,-1.3479533,-0.8592678,-3.536243,-3.242836,-1.3597398
28_town,-10.958428,8.936225,2.0036428,-1.3082612,-5.7958565,5.664087,6.8806167,6.2583823,4.3353333,0.028762724
29_city,0.8049343,-0.31950697,0.69270533,-0.7284137,1.1800612,0.06905215,0.47547197,-0.327068,-2.2348623,0.6439635
29_rural,0.8957258,0.5665331,-0.11852964,-0.82690823,1.5426995,0.5816857,1.0606815,-0.81711644,-1.7644048,0.09384743
29_town,-0.29711583,1.8308312,-0.42113143,0.1203082,1.730075,0.6927328,0.7250127,-0.7711491,-0.4945829,0.069746494
303_city,2.6512408,-0.8303282,0.93565303,-1.6461446,1.1791295,-0.8919318,-0.6138348,-3.3340094,-1.8916546,0.961926
303_rural,1.682124,2.3768086,-0.3751326,-0.74479,2.2399895,0.92452264,0.98801756,-1.8652866,-2.794518,0.09670339
303_town,3.315499,0.3989049,-0.8992004,-1.2522259,3.3483129,-1.3245454,-1.4738331,-3.4241426,-1.7082531,0.522161
308_city,-0.92511773,0.6344381,2.0859714,-1.6281184,0.14435236,1.07671,2.1304047,-2.4190693,-1.4504737,0.59823793
308_rural,-0.2323424,1.2096225,-0.05595448,-1.6386338,2.3365037,0.96553916,1.0713874,-1.8164384,-1.9596587,-0.38447163
308_town,-0.43672788,2.3537683,-0.6703198,-1.7494595,2.6019359,0.3187797,0.726068,-2.4405131,-0.15052348,0.13677113
313_city,1.4683448,0.9468361,1.0825883,-1.4359608,1.309542,0.034963403,0.32530865,-3.828855,-2.1419702,1.2918984
313_rural,1.8266191,1.2643353,0.17767477,-1.6452162,3.205343,0.43213063,0.88574356,-3.4924057,-3.3781195,-0.696918
313_town,1.7665795,0.73958147,-1.3724116,-1.8446778,1.7291993,-0.19200219,-0.6023983,-3.559449,-1.1461565,0.62198126
315_city,0.43785876,-0.0008995108,1.3729308,-2.0301015,0.902385,0.28694993,1.2302758,-3.1644275,-1.1104141,0.6078208
315_rural,-1.2309836,2.9994693,0.40637687,-2.937405,0.42435226,2.2804935,2.1653256,-1.4094307,-1.090749,-0.15633185
315_town,-1.2669349,2.9001825,-0.40734288,-2.6164465,1.4919735,1.0408453,-0.30995584,-1.9212734,-0.5641492,0.11019212
316_city,-1.8758966,3.6049993,1.7241131,-1.4888122,0.042330027,1.829042,2.7462652,-2.3223403,0.013883576,-0.018636616
316_rural,2.997236,1.1699564,0.5019524,-0.49537218,4.5998363,-0.045597233,0.43355528,-6.0137606,-2.8000813,-0.9041182
316_town,-0.4532378,2.7155476,0.14813375,-0.18670711,1.8218465,0.94977033,1.4813148,-2.2744644,-1.1177732,0.15485731
318_city,-0.78402126,0.35821438,1.2589917,-0.8505805,-1.0009892,0.7762695,0.39231768,-0.43200973,-1.3842614,0.12711643
318_rural,-1.5969825,2.0264888,0.33251816,-0.23505627,0.44037297,1.5694385,1.4259146,0.777788,-0.922895,-0.02416096
318_town,0.5650817,-0.3430801,-0.19189136,-0.77434397,0.27392218,0.0038970201,-1.723783,0.019894505,-1.8871732,-0.20762919
319_city,2.5529685,-0.7037873,0.9055247,-1.159266,2.0349293,-0.46202698,-0.29759073,-4.8179345,-2.4712853,0.36702964
319_rural,1.72006,1.5123159,-0.3878723,-1.8563914,3.100577,1.1586083,1.5416056,-2.7294161,-2.1005154,-1.1447698
319_town,2.0534549,1.0464039,-0.7069264,-1.6303843,3.1563551,-0.17783651,-1.3310753,-4.1607876,-1.9553946,0.17492428
328_city,1.6827555,0.02674232,0.97527766,-2.249626,-1.1162661,-0.51383746,-0.6936326,-0.728365,-0.87328404,0.925236
328_rural,-0.61297,2.0374727,-0.300173,-1.9221002,-1.2695931,1.198836,1.3890207,1.9384884,-0.60292697,-0.40630177
328_town,-0.42926416,3.4140596,0.035536483,-1.9164796,-2.1727486,-0.5045101,-2.17031,2.296574,0.09649529,0.72436464
329_city,5.531009,-1.8011229,-0.008028418,-0.964852,3.9370117,-1.1540767,-1.2954319,-6.8115487,-3.150525,-0.023156825
329_rural,5.297811,0.16154559,-0.39400592,-0.47260198,4.474999,-0.22484739,-0.94505244,-5.765382,-3.3950398,-0.5692531
329_town,0.3066809,1.4727988,0.4184936,-1.8563846,0.4727876,0.6354559,-0.49766073,-2.5304897,-0.7175853,0.021699501
335_city,0.12728485,0.9291889,1.2471081,-2.023572,0.9995091,0.42424762,0.5229001,-3.1356142,-0.9811488,0.47455627
335_rural,4.00865,-0.5688209,-0.07549475,-0.86084825,4.8294573,-0.7298412,-0.46594736,-5.2401686,-3.4429233,-0.64837396
335_town,2.5016725,0.24570066,-0.7056924,-1.0181527,4.0511594,-0.8813737,-0.7565495,-4.4673576,-1.8992032,-0.21136533
337_city,2.2616684,-0.54074407,0.8066583,-1.603792,2.2305036,-0.34174004,0.9708839,-3.4600985,-2.473155,1.1081333
337_rural,2.5790224,0.6533707,-0.6554114,-1.4250675,3.178892,0.5251205,0.71207625,-3.0512428,-3.478439,-0.61463636
337_town,1.1607418,1.7917111,-1.38994,-1.5133492,3.6265874,-0.12931581,-0.5014809,-2.3421524,-1.5626774,0.24929924
338_city,4.2483144,-1.5164044,0.5457991,-1.7535297,2.338669,-1.3201758,-1.2402018,-3.871581,-2.7216954,1.0370343
338_rural,-1.2981876,2.7092912,0.039305992,-2.8321295,0.12016321,1.7671509,1.5186733,-0.35125583,-1.3551043,-0.14331341
338_town,1.9414002,0.73410785,-0.47019586,-2.1752868,2.1269429,-0.72905916,-1.3242952,-3.2274418,-1.4662038,0.6532944
33_city,1.7121707,-1.1296986,0.8965004,-0.8965589,1.0120091,-1.1155871,-0.67109066,-1.2547538,-1.376026,0.57137555
33_rural,-0.98212475,1.3998088,-0.030721454,-1.0147446,0.6332407,1.0900564,1.0846076,0.37958276,-1.9776499,-0.50117135
33_town,-0.60568506,2.236742,-0.47765052,-1.3843802,0.71036553,0.43578264,0.35813147,-0.37118137,0.07956129,0.5496165
344_city,0.3827046,-0.05370843,0.73051,-2.017285,0.141121,0.43954873,0.2733636,-2.333751,-1.5937918,1.0451902
344_rural,-0.06490261,1.1666292,-0.4735363,-2.1409569,1.4418925,1.3398451,1.3954612,-2.0751894,-1.784842,-0.46286467
344_town,-1.3562714,3.173448,-0.44178504,-1.5731454,0.72191894,1.2410575,1.2663833,-2.053116,-0.0906745,0.6027201
346_city,-0.52303296,-0.18304658,1.411088,-0.6945075,1.093358,0.61612284,0.3611175,-2.5593667,-1.1370676,0.22652833
346_rural,-3.1788025,4.042319,0.6890456,-0.8231599,0.21643202,3.2866776,3.475778,-0.18919705,0.2687251,-0.52393764
346_town,2.9120073,0.25734216,-0.021654177,0.012138649,4.982815,-0.69824314,-0.18717498,-4.9093714,-1.5216522,-0.27177984
347_city,-1.2630116,0.06310183,1.268042,-1.6126485,0.9976163,0.4503859,0.19052514,-2.2896183,-0.7988006,0.27677417
347_rural,3.3255908,-0.36909688,0.3032623,-0.3182805,3.894602,-0.48277467,-0.008917939,-5.39739,-2.2348151,-1.1658887
347_town,-0.98068994,1.9861465,-0.19746801,-1.8000119,1.2940416,0.40864623,0.28814042,-1.9320712,-0.0769477,-0.035837155
348_city,2.9207053,-1.4955714,1.0000057,-1.622275,2.042808,-0.846523,-1.0376607,-3.9915307,-1.7071052,0.14787129
348_rural,3.9111555,-1.9219948,-0.33765367,-0.8681653,3.302755,-1.2236178,-2.360573,-4.3039484,-3.0190666,-1.0303135
348_town,4.02832,-1.6720766,-1.2174995,-1.8151762,2.1802146,-1.5212772,-2.8364968,-4.8781404,-2.2847443,-0.05164706
349_city,2.6173267,-0.196221,0.85212386,-0.72307855,3.1191313,-0.722576,-0.03466878,-5.0584655,-1.0813853,-0.03492876
349_town,0.2872009,1.0915766,0.41159502,-1.2268455,0.8360093,0.61801755,0.17733043,-1.9550502,-0.4796207,-0.096227415
354_city,0.6243305,-3.0383143,0.6577386,-1.619429,-2.058968,-0.24980608,-1.4512843,-1.5801632,-0.53361815,-0.19726412
354_rural,2.2603848,-2.2543843,0.37664676,-2.3381271,1.5309683,-1.1994554,-4.1611395,-2.1286256,-2.8377736,-1.8319728
354_town,-4.102831,1.8452024,0.17531127,-2.828128,-2.4306877,1.4549091,-0.42927298,2.6330779,0.95203763,-0.09495888
355_city,-1.0984148,-0.8761715,1.5251781,-1.8873602,-1.9199953,0.45748803,-2.4430676,0.69399893,-1.1363531,-0.61823034
355_rural,-0.5252812,0.81783056,0.0470844,-2.2768872,-1.6042517,0.80082786,-0.46538335,0.38352323,-1.0952652,-1.0345138
355_town,0.17601919,-0.4415958,-0.37814513,-2.028787,-1.5148671,-0.59896713,-2.7927985,0.28763053,-0.24227668,-1.3451539
357_city,1.8704174,-0.9935291,1.9912233,0.43152022,2.0492594,0.04816346,-1.3143405,-2.8832438,-1.7522984,-0.8015884
357_rural,1.2160381,-0.7590268,-0.07882245,-1.4062103,0.92836523,0.7746404,-1.6773705,-0.89594346,-1.392629,-1.6405631
357_town,1.3838363,-1.5160744,-0.5084064,-0.14993294,1.8532168,-0.31142437,-2.8998024,-1.6021242,-1.4752426,-0.82097965
359_city,1.2744967,0.14521979,1.5102257,-0.917042,1.6491987,0.11771306,0.12929939,-1.7843084,-1.5680068,0.13986987
359_rural,3.5677817,-1.0219561,-0.32052046,-0.39515486,3.8852859,-0.57620233,-1.6161588,-2.5468452,-2.652739,-1.4875324
359_town,0.48999742,0.7394749,-0.4394321,-0.5298509,1.9785405,0.32958198,-0.5599414,-1.0162882,-0.7205243,0.083097674
35_city,6.3687334,-2.9572446,0.85918254,0.8801331,5.3530617,-2.588596,-3.1167827,-3.832148,-3.1160364,-0.6916381
35_rural,6.7031627,-3.1864312,-0.00465014,1.9696089,6.9864774,-1.9838271,-1.7330426,-5.0825853,-2.7122352,-1.2772295
35_town,7.685758,-2.5713618,0.16519475,2.7577004,8.515969,-2.8499675,-2.3609936,-6.331382,-3.2481542,-1.6822606
364_city,0.34585115,-1.5180495,1.7350338,0.18209924,1.2358431,0.004568487,-0.2729421,-2.1198337,-1.8421844,-0.028008787
364_rural,0.11106887,-0.68322724,-0.8937447,-0.75335526,1.7434244,0.9853351,-0.37244838,-0.35604888,-1.845342,-1.3229282
364_town,-0.8692897,0.23591393,-0.99542683,0.066801295,1.5866133,0.37496105,-0.950131,-1.2210537,-0.070478454,-0.31874493
365_city,1.4272768,-2.1004422,1.4506776,-0.8474505,0.22508249,-0.08330562,-0.7361379,-2.1387768,-2.393519,0.24929301
365_rural,0.93072104,-1.4346988,-0.50561875,-0.5583985,2.431926,0.3881892,-0.38131633,-2.117724,-2.852448,-1.4713161
365_town,-0.9411165,-0.063529156,-1.3415436,-0.42195368,1.8568599,0.007827426,-1.6581583,-1.3521236,-0.9446312,-0.009178696
366_city,-5.1376343,3.819528,1.8347994,0.12384361,-2.2037597,3.012423,3.2666743,2.346697,2.4189234,-0.9897351
366_rural,0.982762,-0.6383989,0.4612096,0.45585698,1.4584751,0.48048082,-0.7865711,-0.35536358,-0.5832971,-1.671542
366_town,0.7559397,-0.76815796,0.49259335,0.8510194,0.9772547,0.10309589,-0.71099615,-0.91816545,0.31980821,-1.2823596
368_city,-0.15990512,0.7386605,1.6247847,-0.5484234,1.2314137,1.1352892,0.66670066,-1.7171174,0.21892472,-0.6827871
368_rural,1.2526954,-0.25707608,0.5430247,-0.57648927,1.6548789,1.016589,-0.22747593,-2.1255093,-0.67839694,-2.2386227
368_town,9.28205,-5.2661095,-0.9487566,0.75454956,7.579247,-4.1293483,-5.9397273,-6.712383,-4.6051283,-1.157539
36_city,1.6575123,-0.1761432,0.8388193,-1.5481685,-0.06944949,0.13061513,-0.49044544,-0.9114768,-0.2043178,0.7407927
36_rural,1.1828132,1.248566,0.48969546,-1.7139778,1.1261632,0.5457504,-0.51145285,-0.8228987,-1.0993065,-1.5314721
36_town,-0.83182585,1.9439459,1.1688575,-0.7523234,1.423408,0.68849427,-0.06410494,0.99168205,0.60050154,-0.34166536
373_city,1.027538,-1.6657798,1.0052191,-1.307117,0.95592254,-0.4089224,-0.3270126,-1.9642724,-1.3541399,0.36042377
373_rural,-1.4336147,1.7807958,0.22840023,-1.6984348,0.80882764,1.8721163,1.7543103,-0.23731989,-1.0981777,-0.88432527
373_town,0.47536469,0.1687813,-1.1648396,-0.37098902,2.8277967,-0.36230817,-0.46427754,-2.608111,-0.6687447,-0.3270993
375_city,0.18453689,0.96891373,1.05802,-2.4140334,-1.0709498,0.44090778,0.3846764,-0.6437294,0.1580491,1.3500612
375_rural,8.639911,-2.9002903,-0.82583123,0.3797581,8.276118,-3.088332,-2.5286102,-6.649162,-4.702231,-1.1545707
375_town,1.1244285,0.320187,-1.105319,-2.5223868,-0.039238755,-0.99564385,-1.5054756,-0.3890148,-1.133457,0.25234008
376_city,0.76687264,-0.08029167,1.2132643,-1.7880278,0.346729,-0.85014355,-0.51593274,-2.8681967,-2.0026958,0.9319666
376_rural,0.8259374,1.0122668,-0.36366594,-1.2529037,2.0749216,0.8372961,0.57136905,-1.7252183,-2.7673497,-0.23425104
376_town,0.016098235,2.0545063,-0.8724894,-1.5439776,0.83710504,0.24293268,-0.48724598,-1.635008,-0.91342056,0.41526538
378_city,-0.1039105,0.8285029,1.3407534,-1.874826,0.59304297,0.31460813,0.7517464,-1.2120328,-1.4877588,0.7658198
378_rural,3.6345477,-1.0051407,-0.34618875,-1.410211,3.751093,-0.7977081,-0.8884843,-3.5018508,-3.5990715,-0.32425976
378_town,0.74041104,1.1674948,-0.702201,-1.5553051,1.2439321,-0.15050116,-0.5331474,-2.1428847,-1.0268085,-0.084386475
383_city,-0.7773479,1.5470194,1.0175171,-1.3945622,0.462897,0.49500996,0.4666466,-2.1915495,-1.7543244,0.92183596
383_rural,-0.9484099,2.1419723,0.07506095,-1.4286529,0.9167084,1.9556268,1.9790847,-2.2668624,-1.8256854,0.0033205454
383_town,-0.46029398,2.507057,-0.8791259,-1.3636804,0.75107044,1.214773,0.76837134,-2.8211658,-1.0532289,0.30751997
384_city,1.6863799,-0.5166886,-0.06852387,-0.89527726,2.4642816,-0.8652414,-0.29125687,-3.3385534,-2.2945185,-0.09335997
384_rural,-1.298949,2.207689,0.62755764,-2.7840357,-0.6246866,1.2024151,0.8853673,-0.97123426,-0.22235204,-0.38043356
384_town,-3.7725997,3.6836252,0.56222045,-1.8121672,-0.5871341,2.2609522,3.047585,0.7159354,0.73886865,-0.6080833
385_city,0.6219607,-0.8711932,0.7387252,-2.6108158,1.6306471,-0.52437824,-0.5345946,-3.636938,-1.5464631,0.7127231
385_rural,-1.5238786,2.6947002,0.5436885,-1.3149053,1.5796168,1.7185582,2.3850288,-1.205691,-1.1494337,-0.88586956
385_town,-0.55255127,0.9798384,-0.28837097,-2.097285,2.1434886,-0.10864191,-0.92562497,-2.955896,-1.2003957,0.1322266
386_city,3.4988828,-1.5789136,1.1757435,-1.3586885,2.504025,-1.05441,0.09775349,-4.4110866,-2.2303283,0.5073883
386_rural,3.1066797,0.50816065,-0.01566015,-1.7548491,4.6739163,0.08505513,0.56243503,-3.2446225,-2.8905025,-0.5944247
386_town,-0.081086665,2.2728183,-0.66609,-1.2377582,2.5205882,0.23948808,0.96488494,-3.0660076,-0.24714264,0.33002242
387_city,4.1397123,-0.28472435,1.1003023,0.10482122,2.354888,-0.36390293,0.033331785,-6.3667464,-2.483624,-0.4752558
387_rural,1.156531,2.4676027,0.27681378,-0.5017579,2.0480123,1.9350787,1.8337184,-4.4557734,-1.6675156,-1.508131
387_town,4.209838,0.6284472,-0.5805773,-0.024850639,3.8552582,-0.58755314,-0.7793627,-5.8579106,-2.0149298,-0.6676546
389_city,1.6195393,-0.65302956,0.74324656,-2.235807,-0.29458153,-0.16182177,-0.4625005,-2.4143357,-1.6071341,0.8218207
389_rural,3.0007076,-0.0014287444,-1.0950941,-2.2169127,2.4274492,0.4089095,-0.27140653,-2.545181,-2.8488526,-1.438809
389_town,0.7478554,1.3038259,-0.9342224,-1.9157153,2.1071506,-0.46358523,-1.1240838,-2.395436,-0.47471175,0.33966142
405_city,6.1352005,-3.1002617,0.90281796,0.92981404,2.9059894,-1.8984859,-4.377254,-6.243533,-3.0254335,0.16853973
405_rural,6.465828,-2.1763115,-0.91762465,0.7432496,4.858004,-0.78152055,-2.4760752,-5.807663,-3.8141801,-2.064288
405_town,3.7429595,-0.44171292,-1.1034721,0.1831074,3.429806,-0.4074505,-3.5953004,-4.7540493,-1.8780266,-1.3874549
408_city,5.397836,-3.8116632,1.1649516,0.51636213,3.8959236,-1.3262702,-2.2778435,-5.5193596,-3.3648658,-1.0447972
408_rural,3.7240617,-2.0255778,-0.101353,-0.97764534,3.6378691,-0.27044702,-2.6056657,-3.5672343,-3.099367,-1.7383932
408_town,1.4147341,0.72696286,-0.39837098,0.77421117,1.6173024,0.49552864,-1.1441638,-2.9256556,-0.22990268,-0.36310774
417_city,-1.3434342,0.6876168,1.4857999,-1.3512319,-3.725241,1.581722,-0.38443273,1.9308448,1.910348,-0.52959853
417_rural,0.8817161,0.4775262,1.4675194,0.568643,-0.38404337,0.07600153,-0.5994828,-0.3331257,0.1693698,-2.0356839
417_town,0.6881886,0.49998695,0.71412563,-0.54289937,-1.434842,0.3755408,-1.9097521,1.4334244,0.9911466,-1.5678852
418_city,1.1276178,0.7704924,1.5096965,-1.2097225,-2.367127,0.3487721,-1.7997035,0.6984096,-1.4116002,0.1126315
418_rural,0.026107006,2.7194922,0.49684715,-0.12719725,0.16664697,1.4041144,0.11225741,0.37267864,-0.39890006,-1.9766438
418_town,-0.16908799,1.941775,0.25577205,0.18005984,-2.500214,0.49937478,-2.1579087,1.3182027,-0.13031761,-1.0739967
423_city,-2.4858599,3.0236921,2.3025024,-1.0317464,-3.7032793,2.0302558,-0.119165786,2.3918843,0.35631636,-0.15211149
423_rural,2.7137544,0.9651273,0.2336097,0.39870593,2.3392885,0.23869774,-0.95591503,-2.8266046,-2.60014,-1.0090066
423_town,-4.384957,4.005101,1.0748436,-0.23729748,-4.3527517,3.41726,1.0227712,3.0753777,1.7391602,-1.3551477
425_city,2.9891384,-0.85422784,0.8230911,-0.26183033,3.1550221,-0.69039726,-1.7572627,-5.229494,-2.8599,-0.57113206
425_town,6.7492437,-2.7431219,-0.38665354,0.28757197,5.5562477,-2.1156538,-3.6400018,-7.229584,-3.8677475,-1.2758821
426_city,2.363697,0.22484754,1.9439987,1.1141938,1.7893327,-0.2658463,-0.9277329,-3.601507,-2.197797,-0.058070235
426_rural,2.34138,0.023835925,-0.20988321,0.7511004,1.8674847,0.9771495,-1.3581097,-2.0315108,-2.336958,-2.1699538
426_town,1.2951555,1.9909108,0.25306875,0.27497676,1.37808,0.47092712,-1.100575,-1.7593505,-1.077198,-0.6041616
434_city,-2.4594707,2.0858471,1.4227145,-0.009144251,-1.4284153,2.216235,0.6365953,-0.44377226,-0.33834565,-0.10058632
434_rural,0.6720534,0.8789418,0.33217224,-0.14932247,1.1353728,1.4297948,0.09867294,-2.1697266,-2.0236702,-1.0642495
434_town,0.91547287,0.89830023,-0.5494525,-0.24839364,1.4838539,0.39976224,-1.62291,-2.5144691,-1.1892372,-0.529285
435_city,-0.008843854,0.35095984,1.2054844,-0.20831531,0.1384683,1.0304005,-0.4884857,-2.6548004,-2.0006793,0.0071329055
435_rural,1.6294278,0.8530593,0.47957388,-0.5347934,1.7747228,1.2592484,0.36564654,-2.8487058,-2.4897454,-1.3867315
435_town,-1.1996224,2.435515,-0.34875673,-0.482288,-0.2244802,1.7878939,-0.42013487,-1.6802751,-0.8006917,0.08037205
436_city,3.6449862,-1.4291486,0.8847068,1.016717,2.7365048,-0.15333872,-0.8693266,-5.118029,-2.679178,0.020085901
436_rural,4.1668053,-0.13386633,-0.0041506034,0.65152407,5.003238,0.27893037,-1.3577135,-5.960628,-4.319734,-1.7820017
436_town,2.6716707,1.0592033,-1.1768198,1.0039216,3.2660935,0.66632617,-0.50153637,-4.21742,-0.9118188,-0.6380915
43_city,-4.9165416,3.3202834,1.6565434,-1.4948725,-5.055027,2.0603495,2.4931102,4.7734265,2.3602595,0.26673868
43_rural,-5.48639,4.8028283,1.8987074,-1.3717313,-3.079081,2.8201635,3.4796777,3.4966903,2.2380517,-0.8690799
43_town,-3.498155,3.5309906,0.78603446,-2.056077,-3.17903,1.6443158,1.8933235,3.0647368,1.6983649,-0.33989742
444_city,3.4841368,-2.1556664,1.2633957,-0.09314611,2.6672127,-1.2326214,-3.0691981,-5.1641684,-2.7742653,-0.008985658
444_rural,4.5200768,-1.5216464,-0.5638263,-0.3171122,3.1623375,0.7312008,-0.8766623,-4.9049597,-3.3902102,-1.8249835
444_town,3.532011,-0.06118716,-0.77281004,0.55677027,2.332716,-0.20550255,-3.5255263,-5.078104,-2.3783243,-0.6579911
445_city,0.032521293,2.1713603,1.2214295,-1.9408778,0.31887847,0.52344126,0.5750864,-2.319775,-0.8623085,0.21990792
445_rural,3.6354709,1.1004778,0.62683743,-1.131205,3.8688307,0.194817,-0.2853336,-5.2250133,-2.296761,-1.2102233
445_town,-0.72059786,3.0875838,0.24541302,-1.2856996,0.30020598,1.6846184,1.136277,-2.5580094,0.45658317,-0.7742949
447_city,4.0176697,0.060048517,1.520487,-0.6620883,1.367142,-0.3093276,-1.09713,-4.2296777,-1.5045935,0.31348786
447_rural,2.3975735,1.7008333,0.7460426,-1.7092552,3.3571944,1.1676971,-0.67991626,-4.359011,-2.2402656,-2.0395582
447_town,1.7171844,1.7692207,-0.10836668,-1.1984645,2.07972,0.51374173,-1.4104931,-4.891814,-1.0149632,-0.8595728
44_city,-2.174359,2.347229,1.7813044,-1.0101027,-0.8546068,0.9256482,3.6173136,3.1814625,1.8219943,-0.054212138
44_rural,2.6375792,-1.1646479,0.27912003,-0.60846776,2.057934,-1.4274985,-0.05172048,-0.009375513,-0.14128849,-1.5309845
44_town,-2.0219724,1.2566864,0.40509027,-1.0320562,-1.3326402,0.012264556,1.6843839,3.017939,2.461365,-0.36375475
451_city,4.0931697,-2.2230618,1.608441,2.3161511,3.0521793,-0.69594014,-1.2667677,-3.1920474,-2.3512933,-1.0192065
451_rural,2.8333848,-0.60383797,0.17418478,1.8745625,3.3367276,0.4428077,-0.17560214,-2.6602056,-2.4845648,-1.6542097
451_town,1.7159195,0.61562073,-0.49524733,1.5524095,3.5534365,0.11387143,-1.1986954,-1.9277875,-0.74869716,-0.36368674
453_city,4.860629,-2.3998947,2.4012802,1.1918516,3.7281103,-0.6959679,-0.55100465,-3.9184191,-3.1836836,-0.5142139
453_rural,4.6985745,-1.9213436,0.43621045,0.37403408,5.3312445,-0.30155212,-0.95221716,-3.7452424,-3.7494757,-2.0227747
453_town,5.725436,-1.628633,-0.6353019,2.5951355,4.6554103,-1.073056,-2.4916725,-5.288437,-1.8154397,-0.76186913
457_city,1.3140535,-1.3921536,0.027889108,-0.0747351,0.32207215,0.73328584,-1.4752785,-1.5718474,-1.1402227,-0.7326124
457_rural,9.774046,-4.9747987,-0.4570586,1.4232804,9.1343565,-3.618318,-4.8235145,-8.552076,-5.1662197,-2.0991054
457_town,-1.7920454,3.0366416,0.83641297,0.7498,1.4201657,1.912219,1.8300935,-1.687971,0.2891956,-0.7698505
458_city,2.1087935,0.24277546,1.284682,0.021720693,2.6062849,0.35246208,0.2860919,-4.6565256,-2.217733,-0.397985
458_rural,2.8810434,0.27201086,0.032939952,-0.80883163,4.718757,0.24755634,-0.3519581,-5.4680233,-2.5345566,-0.86368746
458_town,3.9655323,-0.14319122,-0.49735123,-0.15107326,4.4661255,-0.5210908,-1.2181361,-5.6172833,-2.2837894,-0.5829279
459_city,0.89249825,-0.008864751,1.0635961,0.16097832,0.27229294,0.5454536,-0.26189855,-1.899902,-1.4154168,-0.7222307
459_rural,-1.6714725,2.6449463,0.65722716,-0.38778585,0.6035733,2.7176514,2.2212162,-0.45041788,-0.119305946,-1.2686479
459_town,-1.6613178,3.7437162,-0.19101197,0.23411678,-0.22412357,2.0167937,1.4976305,-0.578778,0.052488394,-0.18994023
45_city,9.007833,-5.5530996,0.14542313,1.4155285,6.755322,-4.6865063,-3.3129525,-5.1194863,-2.7148874,-1.1941662
45_town,3.036462,-0.38821286,0.6407282,0.85665077,4.224131,-0.94238156,0.5420475,-2.0240657,-0.5205419,-1.1235737
462_city,-5.780929,3.954741,1.6648114,-0.3364808,-2.862417,3.1634424,3.0424821,2.8240793,2.1221468,-0.6917896
462_rural,15.013995,-7.3196745,-0.91992265,2.0794408,12.321962,-6.480122,-7.1630783,-12.743652,-7.511092,-2.1463385
464_city,-3.455373,3.6120963,1.8346592,-1.4317937,-2.2626312,2.9809186,2.636177,1.2733473,1.5971383,-0.44910386
464_town,14.463443,-7.9265447,-0.87902355,1.8425363,9.381574,-6.003405,-7.80983,-10.054012,-6.1723266,-1.9189894
466_city,2.240119,1.07623,1.7156581,0.18511888,1.2786272,-0.0062828255,0.84198225,-3.653395,-0.75920564,-0.19895576
466_rural,5.635297,-0.5009177,-0.0089229,-0.3564477,5.7174993,-0.7545718,-0.3166578,-5.8623724,-2.942346,-1.233567
466_town,0.2903905,2.932544,0.14284235,-0.62197906,1.2940383,0.926792,0.7997117,-3.3057003,-0.17072529,-0.8242271
467_city,-6.921665,6.6922154,2.400226,0.82876533,-0.9731871,4.3068466,6.1885457,1.6565156,2.903664,-0.6875538
468_city,3.262036,-0.5545673,0.50532424,-0.9066913,0.74610674,0.6036292,-0.22716811,-4.4942136,-1.8956583,-0.0052347886
468_rural,1.1876496,2.4465456,-0.13250859,-0.95595145,2.0455642,2.0595584,1.1282936,-2.8714936,-1.8354976,-1.4500436
468_town,2.0555797,2.2922795,-0.2907298,-0.48482105,1.9784832,0.84656787,-0.48847368,-4.7454906,-1.6041476,-0.19916326
469_city,0.66919965,0.89652073,1.7824922,0.13653277,0.14654739,1.1248273,-0.4717747,-2.8875928,-0.9158409,-0.15476881
469_rural,0.4762232,1.575725,0.62691474,-1.8686066,-0.3287297,1.7121575,-0.86069196,-1.9914771,-0.86014926,-1.867895
469_town,1.6587734,1.696382,0.43008226,-0.03983196,2.1139514,1.1200097,-0.9969637,-3.5796487,-0.92623466,-1.3405575
471_city,-2.285526,2.4556317,1.1914418,-2.5078175,-3.2553792,1.5248989,0.382089,0.81379455,-0.1107372,-0.597163
471_town,-6.1138883,6.164978,1.6121427,-3.0300798,-5.097629,4.0755453,3.1470702,3.0521638,2.2291126,-0.41064158
472_city,-2.416692,3.0713193,1.4202126,-1.2286657,-2.0743916,1.6863447,1.2181431,0.051864773,0.8324728,-0.22411653
472_rural,-1.0378232,2.3492315,0.9866961,-0.63176787,0.31888285,2.3041592,0.9565733,-0.088747606,-0.7285161,-1.4835161
472_town,2.1613562,0.5972763,-0.3857567,-0.4426606,2.7130985,0.25322607,-1.0724677,-4.10957,-1.3010767,-1.0611196
473_city,6.9712615,-1.0692918,0.40133023,2.9895742,6.9429736,-1.5671289,-0.57491654,-6.03321,-3.8356018,-0.49613377
473_rural,5.0281887,-0.94786966,-0.07197053,1.9157112,6.804764,-0.8033019,-1.4084271,-3.1639004,-4.305235,-1.33506
473_town,5.549613,-0.039406598,-0.13661869,2.5465941,6.4331484,-0.28136295,-0.3972864,-4.510038,-2.2227454,-1.084485
475_city,3.4942138,-1.1684802,0.6395396,0.40976363,2.074371,-0.41528064,-1.5910853,-1.3820926,-2.0322134,0.070829056
475_rural,1.7179506,0.96175766,0.18177614,0.4357804,1.0366727,1.3375527,-0.41135907,1.111446,-1.6107688,-2.0027957
475_town,10.306444,-4.699188,-0.8636079,2.526819,7.8409586,-3.5839338,-6.0213284,-6.5240045,-4.4000144,-1.4371624
479_city,10.092911,-6.21021,0.24504156,1.9636625,7.663031,-4.044776,-6.139501,-6.1941156,-5.9157944,-1.677006
479_rural,4.5133514,-1.1817453,-0.06794082,2.271657,4.187555,0.19604781,-1.3384008,-3.0030243,-3.2540624,-2.2953038
479_town,7.1097775,-3.2657413,-0.62766,2.0375013,6.4514275,-2.1635208,-3.9421196,-5.8126445,-2.0345855,-1.5039077
47_city,-0.988052,-0.37085956,0.544904,-2.58619,-4.489021,-0.29690796,-1.4462713,5.1107273,1.750598,-0.5238574
47_town,-4.7067056,4.183862,1.4074737,-1.0893339,-2.2407508,2.208114,3.5753036,4.1440296,2.7985442,-0.30028793
48_city,1.7669417,-1.4460801,0.55877775,-1.3730861,-1.4356874,-1.2877063,-1.1948396,2.2907898,0.6857049,0.30563965
48_rural,3.4388378,-0.9910489,0.4830387,0.55877215,3.9849043,-1.6027474,0.084503196,-1.2106438,-1.003854,-1.2698604
48_town,5.1377444,-2.1381354,0.037666373,-0.05307707,3.6047142,-2.9833388,-2.2083075,-1.8524011,-0.18480149,-0.30554962
496_city,-5.3829875,5.9864883,2.3899937,1.1518108,-0.21350648,3.8423152,5.0588813,0.500962,2.041868,-0.9895903
496_rural,1.3022288,-0.7424306,0.12792957,1.5787096,1.5994081,0.71313274,-1.331014,-0.87685984,-2.0817106,-2.3702652
496_town,4.4032784,-2.5702114,-1.0017265,1.914699,4.814152,-1.3231305,-2.8060908,-3.1290116,-1.9714533,-1.0134293
498_rural,-3.4940472,2.8925724,0.70888096,0.050936114,-1.2920578,2.0910096,1.8425462,2.2492268,0.95449907,-1.2477208
498_town,4.536185,-1.7592566,0.42113116,2.3193717,6.482248,-1.298117,-2.2983491,-4.2225885,-2.2619002,-1.1897867
505_city,1.4828643,-1.2818722,1.3489116,1.3217449,1.0304042,-0.6610509,-0.9682114,-0.5169744,-1.0789866,-0.77591205
505_rural,1.2664307,1.0285196,-0.36837474,1.6510465,3.8534124,0.6646799,-0.2989386,-0.60738504,-1.3434874,-2.678176
505_town,0.32146814,0.33873478,-0.16005726,0.99005,1.7590811,0.1801064,-1.7200584,-0.14131075,0.24452452,-1.2662237
508_city,0.15836541,-0.48797658,1.7990582,0.51276207,-0.65256804,-0.02712426,0.003529897,-0.37656748,0.6300817,-1.0771475
508_rural,-0.25890905,0.12809937,1.354687,-0.19796927,1.3914307,0.2676415,0.29280317,0.0691278,1.1134257,-2.590556
508_town,-0.32440624,0.6532233,1.569735,0.12944058,-0.9601924,0.90474266,-0.61010265,1.9416616,2.6816728,-2.2385395
514_city,-0.117698506,-0.4755753,1.0852951,0.9622347,0.45353696,0.58655137,0.5939672,0.17938165,0.31137162,-0.29558536
514_rural,-2.2630847,1.9325365,0.53575015,0.21565537,0.8950582,1.9832393,1.62011,0.9286957,0.22515161,-1.903633
514_town,2.1003447,-0.017934296,-1.3127788,0.83673406,3.2470703,-0.6070466,-1.3964385,-0.90320253,-0.8245116,-1.2932382
516_city,3.4223459,-3.2597017,1.459929,0.7237647,2.3327014,-1.196653,-1.5505812,-0.6857452,-1.3484008,-0.5118123
516_rural,1.2063121,-2.1782527,-0.5554221,0.38004068,3.6527324,0.25602704,-0.25612417,0.07643753,-0.7593986,-2.623942
516_town,1.6069578,-0.9108088,-1.2238103,0.025296979,3.6384754,-0.5408205,-2.463639,-0.06880372,0.14730917,-1.5086131
519_city,0.08281292,0.018201137,1.547112,1.0878851,1.4141389,0.32747227,0.15363467,-0.5007367,0.39961815,-1.3014631
519_rural,-2.4763248,2.8937128,2.087152,0.6243242,0.7272271,2.5557904,2.2267606,1.2571659,1.3517045,-2.3896382
519_town,4.573307,-2.7364056,0.11351109,1.3743502,4.7141504,-1.8648543,-3.176286,-3.0439425,-1.0409272,-2.229176
523_city,3.7026048,-2.02953,1.2577589,1.732588,3.948327,-1.3425161,-0.28310022,-2.865344,-1.3264265,-0.8496282
523_rural,-5.8165603,5.0384808,1.6435138,-0.31654873,-2.125697,3.4579265,4.337017,3.3104413,2.9536958,-0.9130617
523_town,-4.395988,4.830461,1.2831182,0.89792335,0.14042401,2.7883787,4.0228558,1.4456196,2.5900412,-1.1510954
525_city,-1.9129645,-0.15523025,1.8072823,-1.1781025,-1.3548547,0.46299082,1.6393832,1.4561129,1.3576198,-0.027366163
525_rural,0.5012667,0.37966305,0.53875834,-0.15507917,1.2432029,0.37589714,0.5374594,0.008076974,0.4959677,-1.5997695
525_town,-0.17709503,-0.38505954,0.67286754,-1.084301,-0.04560425,-0.28638488,-1.2033914,1.9782441,2.0447845,-1.4705411
526_city,0.2511247,-0.8861448,1.0465301,1.1987174,0.21979447,0.18938367,-0.25223708,0.9206002,0.18221071,-0.70914596
526_rural,0.6882031,-0.5132325,0.06761196,0.51866204,1.2181287,0.7230339,0.49634925,0.4060407,0.20891835,-1.8812714
526_town,1.5736446,-1.6772977,-0.5027951,0.37743005,3.4696605,-1.401106,-2.6827018,-1.0182477,-0.53594106,-1.0276082
527_city,0.20918922,-1.5347284,0.9874109,-0.8285213,-2.3045797,-0.20464772,-0.099397466,0.9332379,1.6785015,-0.18966188
527_rural,3.2245128,-1.9941158,-0.121973276,-0.03336036,3.417546,-0.6126416,-1.0873188,-0.48447913,-1.3941028,-1.7624283
527_town,-0.025235817,0.13006079,-0.38583347,-0.7719163,-0.3254958,-0.06720791,-1.8033698,1.7658341,1.1863818,-0.8075523
533_city,2.010257,-1.4863415,1.2448604,0.12242477,1.8824729,-0.25026232,0.115936846,-1.0843432,0.35003716,-0.932809
533_rural,-4.7877913,3.480888,1.3500259,-0.14753501,-1.145091,2.6230166,3.523983,2.8401794,2.7666054,-1.5588982
533_town,2.9141395,-0.15454416,0.07929142,1.1067957,3.6576104,-0.4235585,-1.4500781,-1.8307561,-0.27056253,-1.2096977
534_city,1.2072666,-0.62242955,1.444536,1.1094611,1.2368195,0.22284609,0.65206164,-0.078602634,0.39896318,-0.4423018
534_rural,1.697502,-0.023600314,0.60795885,1.184506,3.0391212,-0.030796327,-0.2638307,0.13429752,-1.2044827,-2.1541522
534_town,2.037522,0.55533254,-0.34471208,0.96680033,2.5860424,-0.040677633,-0.6017771,0.20872267,1.0596449,-1.4618409
535_city,2.4103515,-1.587469,0.7676044,0.4140262,2.8663485,-0.7737839,-0.30039746,-1.6212167,-1.5120274,-0.6309745
535_rural,6.0667095,-1.9213692,0.08365447,2.074965,7.915047,-1.5786219,-1.1121328,-6.3251348,-3.1986754,-2.0047474
535_town,14.292951,-6.97418,-0.8070448,3.3094375,12.743221,-6.0209885,-5.7897844,-11.52129,-6.765762,-2.1115284
53_city,1.433697,0.9092225,1.1041061,0.3694244,2.086341,-0.5104666,2.609113,-0.4675463,-0.18089846,0.020667056
53_rural,-2.9582565,4.050416,0.8329326,-0.81679463,-0.47726086,1.9527551,3.766145,2.2912068,2.0074718,0.43029606
53_town,3.6972713,-0.51835704,-1.1707,0.51833534,3.5769951,-1.9027226,-0.008881937,-1.633918,-0.59788156,-0.20731398
544_city,3.7735262,-3.7321513,0.8422184,0.14235793,0.08713784,-2.4172893,-3.9598713,-0.16951513,-0.04344893,-1.9530985
544_rural,3.5730183,-2.4054585,0.32733238,1.225409,2.728596,-1.1777585,-1.9432946,-0.7847592,-0.74969137,-2.5626085
544_town,3.15875,-1.925126,0.23723601,1.5941024,1.7995994,-1.0363684,-3.093549,-0.7472058,0.1589008,-2.3640223
549_city,2.006795,-1.4682914,1.9327598,0.5691246,-0.59675294,0.043245837,-0.66119015,0.15287939,1.0536377,-0.7357986
549_rural,0.8538001,-0.44663653,0.5361007,0.25513878,1.8953975,0.9367182,-0.32258463,1.0024891,-0.8156867,-2.486979
549_town,2.7894888,-0.14459161,-0.2606087,1.0898967,3.7002442,-0.5498204,-2.1227536,-2.1647131,0.017442653,-1.5948769
55_city,0.7329215,-1.0065529,1.2118437,-0.740136,-0.838649,-1.2804204,0.73196685,1.3566368,0.4568955,0.33875892
55_rural,-0.27072152,1.694719,1.1057091,-0.5328495,0.6278017,1.180397,2.4114296,1.5253186,1.5086441,-1.2469248
55_town,0.13187966,0.94569796,0.12806626,-0.1396158,0.7437172,-0.9070966,0.43922752,1.9045036,2.1231716,-0.0897269
563_city,1.3381401,-1.8369317,0.6409609,1.9389309,1.6502802,-0.24875364,-0.37705445,-1.2311169,-1.4309275,-0.84080815
563_rural,1.3083215,-0.4755941,-0.16043372,1.6739037,3.0945399,0.5667092,0.5796897,-1.0143175,-1.4517964,-1.6879092
563_town,2.3762717,-0.578377,-0.1110204,2.314756,3.6323187,-0.10815396,-0.745367,-2.1404688,-0.8767395,-0.88518274
567_city,-1.4817379,-0.75471795,1.1987153,1.5026463,1.1374986,0.8975462,1.2443264,-0.9542937,-0.3803991,-0.37008506
567_rural,1.5219324,0.31143674,0.04373032,1.4936341,2.3958592,0.3981109,0.026377227,-0.7179443,-1.7912647,-2.1902623
567_town,1.5692245,-0.45673722,-0.8220175,1.6687148,1.1422317,0.021072146,-1.7549107,-0.46910444,-0.26053026,-0.64828587
56_city,1.8161051,-2.5331001,0.73071873,-1.5221518,-0.7625858,-1.4386976,-0.82707185,1.66199,-0.334279,0.6440777
56_rural,1.3216777,-0.52994394,-0.0069463733,-0.19066875,0.978723,-0.5862979,0.051683474,0.8819249,-0.72168,-1.0078045
56_town,0.11120963,0.9075863,0.120232716,-1.4761668,-0.18141703,-0.8138243,-1.0032797,2.6125016,0.78098243,-0.37945497
573_city,-3.4284968,1.1811028,1.655686,0.44538912,-2.347838,1.617245,1.5706383,1.7915576,1.2824473,-1.2360747
573_rural,-1.0044991,2.306553,1.194327,0.9135226,2.3755414,1.3020619,1.6242857,-0.38703376,-0.26906255,-1.525883
573_town,1.241442,-0.40644014,-0.1254458,1.8381224,2.6391094,0.18461877,-0.41117856,-1.4358987,-0.30777395,-0.71513695
575_city,1.4133241,-0.8985048,1.2894807,1.2493459,-0.0072235633,-0.38465455,-0.75193554,0.6183346,0.13606295,-0.49376562
575_rural,0.6463457,0.12805296,0.38889036,-0.059916552,0.73667014,0.59895015,-0.2882577,1.2289361,-0.46467227,-1.9916487
575_town,2.8188708,-0.8011696,-0.42451218,1.4066072,2.7622514,-0.6804402,-1.5049855,0.09270185,-0.07839257,-0.9729012
577_city,-0.18908551,-0.90927726,1.2318662,0.3518463,-1.769049,0.21483146,-0.85308456,2.8575199,0.9615558,-0.8349773
577_rural,3.9524724,-2.1850266,0.00611572,-0.27505052,1.7876086,-0.21861416,-1.7478296,0.027814353,-0.8206499,-2.5492132
577_town,1.9704913,-2.4535594,-0.17049226,-0.2350864,-0.92191887,-1.5321869,-4.1999397,1.533349,0.86171687,-0.9702966
579_city,0.5277984,-1.5942168,1.2055134,1.3537791,0.8905708,0.56658775,0.04253296,-1.5259644,-0.54283375,-0.76432335
579_rural,1.5965178,-1.0026733,0.70116365,1.293133,3.5637782,0.113160156,-0.015428515,-1.7835492,-2.637827,-1.5956258
579_town,3.0118144,-0.8877199,-0.88946974,1.3565502,4.2060266,-0.82331747,-1.881244,-2.7797103,-1.3506782,-0.8486506
57_city,0.038115818,-0.28085366,1.4875218,0.08234042,0.05864471,-0.9986558,0.9009358,1.7632607,0.5749691,0.29641587
57_rural,0.44184828,0.7663144,0.62443376,-0.46973535,-0.11072609,-0.5136896,0.5616502,3.2104156,-0.038410164,-0.6710059
57_town,1.8656962,0.051220503,-0.13406684,-0.32228336,2.111494,-1.420804,-0.12009954,0.97573185,0.7930775,-0.32038578
583_city,1.4418408,0.9732755,0.9187515,1.4684376,4.0597506,0.5182232,1.69213,-3.293908,-1.3927678,-0.5184046
583_town,0.86701256,1.3791385,1.0255674,1.3910133,3.4292574,0.6066385,1.5515202,-2.6455777,-0.3588546,-0.9324815
584_city,-1.8745892,0.6451836,1.24589,0.80649537,-0.93554753,1.0690247,0.89099413,1.0360786,0.63980746,-0.87311786
584_rural,10.0171585,-7.374874,-0.72254044,1.442666,6.038048,-4.8344717,-7.0835543,-5.279418,-4.4022756,-2.4679794
584_town,2.2437823,-0.982317,0.48300704,2.0128953,2.9920657,-0.2513295,-1.1583683,-2.6724544,-0.7966679,-1.5386599
585_city,4.6655483,-4.129618,0.74730486,1.6987889,2.736271,-1.6424825,-1.760183,-1.7530972,-2.0081508,-0.97601724
585_rural,0.8092378,-1.1385431,0.24267279,0.60910857,2.0228748,0.64616406,-0.5076375,-0.03307028,-1.412911,-1.8521289
585_town,0.5356229,0.19263501,-0.01475636,1.2032045,1.7593144,0.41694024,-0.5260058,0.045065336,0.40021572,-0.7327247
588_city,0.10388785,-0.7079682,1.0836046,1.4211899,0.36285576,0.5078132,-0.03871988,0.38747066,-0.045963466,-0.75442946
588_rural,5.0845747,-2.5133061,0.19926848,2.3945136,5.6059475,-1.3143713,-2.1873386,-4.114209,-3.0431082,-1.5949115
588_town,3.98896,-2.161035,-0.57700354,2.2988844,4.8397393,-1.4869368,-1.8938693,-3.3617225,-1.6865338,-0.9147986
589_city,-7.455967,4.5293207,1.4595594,-1.0465449,-5.1061006,3.6489956,3.4753368,5.307158,3.3262513,-0.3816147
589_rural,-3.0131223,2.110352,0.86084443,-0.049546752,-0.41415313,1.8785541,1.4599847,1.4654042,1.1533563,-1.2942955
589_town,-0.78699183,0.2378901,0.22583379,0.8013597,0.9389927,0.60113513,-0.08550428,0.038242575,0.75154126,-1.1716785
593_city,-0.620731,0.48836747,1.3496287,0.63888663,-0.60284406,1.048488,0.67798567,0.07177404,0.4110285,-0.83745575
593_rural,2.8913512,-1.1657501,0.9153464,-0.1451557,2.7455444,-0.13563216,-0.9857934,-2.9520776,-1.3522792,-2.2089338
593_town,-1.7857774,1.5503566,0.42292956,0.5331346,-0.8200297,1.8501558,0.8057915,1.1486704,1.9981805,-0.9592516
594_city,2.0611663,-2.243528,1.2209158,1.7479821,0.7641817,-0.12907998,-1.8509593,-1.3653966,-1.6328691,-1.1657368
594_rural,6.2515583,-3.400966,0.27759978,2.9958055,6.749184,-1.0101011,-1.9434024,-4.4934745,-3.7404928,-2.2754962
594_town,6.2483497,-4.2418895,-0.9402812,2.7161932,6.33708,-2.8542683,-3.8829439,-4.458178,-2.7679384,-0.8644392
595_city,2.74838,-2.5956423,0.6713659,1.9083953,2.7494047,-0.8756588,-1.9256662,-1.8688956,-2.1006935,-0.52216756
595_rural,-1.6720723,0.84139717,0.1837305,0.73829263,0.72144896,1.8501492,1.0659835,0.73334324,-0.20464246,-1.363026
595_town,-1.6910686,1.6625144,0.28844106,1.3200692,0.32908106,1.6835,1.0631033,0.46650052,1.3797607,-0.8806008
597_city,3.2701023,-4.595735,0.73124635,0.57508403,0.9204066,-1.6788691,-3.7262094,-0.049891416,-1.1687081,-1.5986226
597_rural,-3.4638684,1.5441253,0.78525555,-0.36268213,-1.6801214,2.1253994,1.2891405,3.1468017,1.1499566,-1.7746153
597_town,4.0177917,-3.0383992,-0.44926694,0.7185848,2.0043335,-0.895438,-3.8380144,-1.7436016,-0.63591784,-1.8003392
598_city,-2.821502,2.0377893,1.2253559,0.033759102,-1.3793052,1.7707038,1.376242,2.2440321,1.9330914,-1.5251153
598_rural,-2.5587459,1.7167342,1.090025,1.1312951,0.734398,1.7519338,2.7329955,1.1709031,1.329481,-1.6792754
598_town,-2.9460711,3.1825528,0.7866342,0.855964,0.8927563,2.5644217,2.2072396,0.38542175,1.864032,-1.2618399
599_city,-4.773755,3.9024909,1.6052635,0.4394283,-1.9594203,3.1142375,3.419776,2.0400164,1.6280713,-0.50192046
599_rural,-10.530004,9.082767,2.4244115,0.17175548,-3.5089781,6.1883545,7.650273,4.109638,4.2832465,-0.5879961
599_town,-1.8130066,2.3503423,0.8130153,1.28702,0.12488682,1.9257123,1.1473887,0.19589822,0.8177598,-0.85575926
59_city,0.13522281,-0.31856874,1.1177471,-0.47965285,0.2965971,-1.2204049,1.0802411,1.4833554,0.37903145,0.5039159
59_rural,1.0627621,0.15241554,0.5670462,-0.26389146,1.6972443,-0.43004364,1.1350905,1.6923858,0.3297094,-1.6492263
59_town,-0.3495569,2.278323,0.71206665,-1.2358512,0.9600927,-0.21324877,1.0233155,2.05828,1.498674,0.16649656
615_city,-5.424719,4.4889035,1.805512,0.16913791,-2.6156604,3.5163403,3.7476618,3.1656227,2.5526824,-1.0823098
615_rural,0.9139675,-1.0865732,0.18665689,-1.4009995,-1.3671068,-0.15409659,-1.4301763,1.7091963,-0.14844225,-1.6448301
615_town,2.2356896,-1.705775,0.1944567,0.14653955,0.32136074,-1.1096225,-2.5900517,0.6077411,-0.40207323,-1.4111094
616_city,0.9478903,-1.4121913,1.481639,0.7193507,0.121259764,-0.798649,-1.3164556,-0.059867036,-0.46616775,-1.260893
616_rural,-0.8996408,0.48654836,1.0090958,0.9756864,1.1722159,1.3876021,0.28397498,0.93929756,-0.6363804,-2.0399525
616_town,0.7203889,0.19279295,0.3126651,0.25490797,1.7199724,-0.20187788,-0.2643617,-0.9945953,-0.44780472,-0.8943525
628_city,1.8318709,-3.455485,1.033719,0.2050099,1.2560797,-0.7215083,-0.9956425,-1.022348,-1.3786857,-0.04322618
628_rural,1.0535207,-0.37004903,0.1540314,0.22134724,3.011829,0.6733999,-0.36493576,-0.73139924,-1.6977605,-2.52986
628_town,2.11733,-0.80909437,-0.5884899,0.7867655,3.7208285,-1.0511519,-1.9354532,-1.5527927,-0.78390884,-0.5405854
634_city,1.4857085,-2.2235923,1.3773679,0.40456438,2.1361632,-1.206698,-1.3904645,-0.5856863,0.3973754,-0.29577795
634_rural,8.431251,-6.911065,-0.6442414,1.0507481,6.708815,-4.077583,-5.3394446,-4.37154,-3.2741377,-3.247195
634_town,2.665273,-0.38160545,1.7022405,-0.3906268,2.0111527,-1.5893841,-1.4679755,-0.7534962,0.7928918,-2.9333348
637_city,1.5349139,-3.6187499,1.355683,0.61407286,1.4007297,-1.3934572,-1.8136553,-0.76631063,0.42507067,-1.0930024
637_rural,-1.5044991,0.035221457,1.21593,-0.13474067,1.7375183,1.5747324,0.29687145,1.4068936,0.642319,-2.76257
637_town,2.8368554,-2.3765268,-0.58017087,0.9300722,3.7065887,-1.247085,-3.3103616,-2.359152,0.1241991,-2.0542333
643_city,-3.6167047,2.6657994,1.7668884,0.15393282,-0.83118546,2.5346186,2.5618374,2.035542,2.3504088,-0.92557526
643_rural,-1.8548936,1.9752144,0.9635193,-0.9065827,-0.7387539,1.7507318,0.7585939,1.640901,0.5561064,-1.6382877
643_town,-0.17011248,1.6865264,0.73239154,0.7056163,2.1385972,1.1231178,1.4637814,-0.8654739,0.61686665,-1.2685789
645_city,-0.8520991,-1.0518646,0.98479676,-1.542646,-3.9719818,-0.45788836,-2.5155435,4.02483,1.3248239,-0.8032984
645_rural,-3.0094764,3.9654574,1.093056,-0.001425978,1.207535,2.3998432,3.183787,0.061056983,0.38194156,-1.2577155
645_town,6.233375,-4.889428,-0.48944554,0.07736983,3.5178127,-3.084831,-5.3780193,-2.169749,-2.4769056,-1.5015861
649_city,3.7786417,-1.9970987,0.083741136,0.86374056,3.876707,-1.2119347,-0.51165813,-4.3369527,-2.0993376,-0.6712155
649_rural,-1.1998506,2.166548,0.48923784,-0.7136696,0.9390175,1.555021,1.5555323,-0.66613764,-0.123464696,-1.2771076
64_city,0.23107389,-0.5732415,0.5454014,-2.2261086,-1.3845068,-0.69425863,0.71139205,0.8251106,0.800378,1.0644193
64_rural,-0.58958185,1.6428359,0.7421216,-1.3930258,2.1301332,0.53447837,2.1210742,0.7939555,-1.103278,-0.913907
64_town,-1.674057,1.2878314,-0.2535909,-2.970353,0.5073764,-0.034485858,0.9341987,1.5214751,1.2928092,0.23010506
653_city,0.14457768,-1.5606499,0.9112792,0.4619049,-0.3090316,0.2122543,-0.33288214,0.5216877,0.97123915,-0.93878233
653_rural,0.13101473,-0.6699983,0.54144955,1.0951657,0.74898547,0.51980865,0.8651713,0.85228294,0.56022805,-1.8374804
653_town,-1.3094687,0.16701342,0.5161186,0.25725758,0.73773825,0.18087494,-1.0979363,0.83764267,1.730347,-1.7850294
657_city,-1.7483172,0.29140526,1.5538372,0.14935294,-0.34760177,1.4306196,1.5061773,0.34499416,0.99101895,-1.3094893
657_rural,-4.7360415,3.6662421,1.4010292,0.26930186,-0.069339246,3.0749102,3.6871912,1.0025839,1.2598884,-1.5996199
657_town,-1.8315082,1.489248,0.4265037,1.2594513,1.3076394,1.4126961,1.2100487,-0.7234866,1.6764129,-1.3811244
658_city,-3.3234913,2.3760455,2.0072367,0.4187326,-0.74766684,2.0395186,2.756392,0.3610191,1.4883692,-1.200599
658_rural,1.0415801,1.4273508,0.61855614,-0.07353392,3.040009,0.47517207,0.5860729,-2.993271,-1.1442964,-1.6008103
658_town,3.773681,-0.84015125,0.64786834,1.21337,5.273405,-0.82380766,-0.58227557,-5.126886,-1.790627,-1.5840166
65_city,1.2490989,-0.0392221,1.4063219,-0.6980522,1.5406625,-0.4486389,1.3422642,-0.7404891,-1.1918418,0.80437475
65_rural,4.085487,-0.5776644,-0.26853338,0.1896473,4.6927743,-1.5826434,0.1891784,-3.983615,-2.3374434,-0.71235067
65_town,0.60358167,-0.40400755,-0.77048916,-1.476541,0.08579431,-1.5409187,-0.98306733,1.6815408,0.30931363,0.27681518
666_city,5.593882,-3.0509171,0.80661815,0.06475061,4.965295,-1.0564549,-1.3696597,-6.4302115,-2.4847965,-0.80894405
666_rural,3.319051,0.049751487,-0.476253,-0.16937187,5.1697187,-0.12340631,-0.9345846,-5.028348,-2.6838486,-2.2572768
666_town,8.097447,-2.6728783,-1.1547555,0.6626142,8.249657,-2.3269625,-2.962287,-8.182239,-3.191283,-1.3299773
668_city,2.3882458,-1.8089868,0.7172965,1.9165418,3.0087247,-0.34389353,-0.21956122,-2.643949,-1.0333652,-0.19626379
668_rural,-1.2303234,0.4269738,1.3188471,0.021100473,1.2474489,1.2623781,0.9563238,-0.38115445,0.47779605,-2.3409545
668_town,-2.2471163,1.7560877,0.1711714,0.78396034,1.1370598,1.3136258,0.67296773,-0.5906757,1.382815,-1.2620527
669_city,12.658701,-5.6680646,-0.014832371,3.4770732,12.269044,-5.1401305,-4.374747,-11.437368,-5.9525323,-2.263832
669_rural,6.1347375,-2.0475292,0.11138308,2.275264,7.8350987,-1.9904569,-1.6193889,-6.1930175,-3.3233044,-1.6823889
669_town,-3.6300094,4.604436,1.4266254,-0.9214603,-0.5021164,2.7174296,2.9348948,0.1274775,1.2222334,-0.6919523
66_city,-3.570345,3.6804652,1.1298629,-3.2824304,-4.0887756,1.676367,1.9043397,3.0738654,1.3662349,0.49512953
66_town,-3.3851733,5.0807133,1.2075974,-2.4679847,-1.602456,2.575638,3.6235285,0.80992204,1.1165824,0.17231376
675_city,12.062443,-7.9621453,-0.8431295,3.2872138,9.928375,-5.5418706,-6.674501,-7.9805937,-5.484139,-2.4138448
675_town,-3.8969722,5.9203105,2.094775,1.320965,2.0283494,3.3037162,5.099236,-1.8092086,1.2239317,-1.4208777
677_city,2.333383,0.17985247,0.49500465,-0.75784516,1.5164537,-0.048819747,0.11107558,-3.2204704,-1.3485513,0.11224611
677_rural,0.9764375,1.1212404,0.44462368,-1.066295,1.8575362,0.48109636,0.24658036,-1.3335369,-1.5303813,-1.015903
677_town,-3.0748236,4.8630185,1.3058099,-2.0224874,-0.9090165,2.605322,2.7997873,-0.42354855,0.9526775,-0.40454262
678_city,12.478082,-7.0566916,-0.81687963,2.5698752,10.222119,-5.4803486,-6.2702813,-8.987705,-5.843359,-2.1610076
678_rural,-4.9666467,6.227697,1.5124223,-0.5375545,-0.41278633,3.7657325,4.91,0.814002,2.012056,-0.48799157
678_town,-2.6229398,3.533421,0.42368886,-1.970513,-1.6038976,1.9988878,1.7102053,0.6578914,1.0749073,-0.1419237
679_city,1.3702263,-1.1863253,1.034112,0.16303067,2.133093,-0.8938811,-0.9353407,-2.7385635,-0.97472996,-1.078069
679_town,-5.833703,5.8358703,1.7595681,-0.8216353,-1.7786696,3.9035385,4.3822684,1.6944379,2.2491598,-0.44581333
686_city,1.8471898,-1.8887864,0.78673464,-0.05749945,1.6364688,-0.7713513,-1.5898376,-1.7678587,-1.7726345,0.024002366
686_rural,-1.9325055,2.1050346,0.31664404,-0.17425285,0.8019498,2.53493,0.94582903,-0.7394758,-0.2881179,-1.9600993
686_town,0.47147992,-0.61986476,-0.6398774,-0.003675694,1.0751059,0.18225302,-0.72101665,-1.7867792,-0.17187777,-1.3396819
687_city,2.8798819,-2.583041,0.5503714,1.0243855,2.4173493,-0.8822175,-1.9645358,-3.9515834,-1.9808613,-0.28954846
687_rural,1.6821092,0.78693223,0.15838656,-0.99222594,2.2272487,1.5840093,0.6261696,-2.7174902,-1.2277887,-1.689686
687_town,2.8665397,-0.38391933,-0.7010518,1.4140407,4.091986,-0.4070641,-1.4314215,-5.4172196,-1.8241936,-1.1709142
68_city,2.2940826,-1.2273294,0.36643744,-1.2305435,-1.3682278,-1.7458948,-1.8547546,0.59373105,-0.78416014,-0.11212934
68_town,2.7230322,0.004243791,-0.121953174,-1.6906425,1.150733,-0.83043194,-1.203058,-2.7135432,-0.8714919,-0.25765434
695_city,0.20091052,-1.8597996,0.61810166,-1.8860592,-4.1381397,-0.9534474,-3.396953,4.3689137,0.8429141,-1.0990571
695_rural,2.1469316,-3.008764,0.572353,-0.61588323,-0.8471223,-0.96204853,-3.8484511,3.1963315,-1.0863537,-2.3668168
695_town,2.595409,-2.4164796,-0.11475597,-1.1816792,0.5136927,-1.4658557,-4.125816,0.7419439,-0.5046715,-0.9584859
696_city,3.2860837,-2.0891793,1.6285721,1.03543,-0.138164,-0.9774349,-2.518554,-0.25518328,0.11586773,-0.4699748
696_rural,-0.28003272,-0.4715695,0.27169058,-0.23623131,1.1921841,1.0659784,0.45097762,1.7989339,-0.0699134,-1.9839257
696_town,3.1270652,-2.2264912,-0.1915691,0.61378247,1.2748244,-1.1314937,-2.9267502,0.06010358,0.94607633,-0.9608343
69_city,2.4873452,-4.770627,-0.1557557,-4.0477495,-8.460247,-3.0859852,-6.602752,6.4387016,0.94976866,-0.18417922
69_town,-1.4395453,1.3272392,0.7629667,-2.8461585,-3.6631029,0.0036465742,-1.616484,2.4029932,1.2678616,-0.8955027
703_city,2.82636,-2.7001688,1.9105076,0.41088638,2.4688883,-1.6142789,-2.867748,-2.2276556,-0.30973935,-1.114581
703_rural,-1.3913462,0.09185207,0.85239476,-0.2874826,1.0829811,1.4230423,0.45853385,-0.17490602,0.19834584,-2.4758742
703_town,3.2119496,-2.3664515,-0.7940338,0.5111866,3.985957,-1.390277,-2.1549397,-2.970741,0.19805127,-1.1596066
706_city,7.514669,-7.3346,0.19883177,1.4311987,4.6342587,-4.5170507,-6.0066037,-4.9487414,-2.8080359,-1.7538527
706_rural,1.3307958,-1.5066627,0.3174287,-0.3424867,2.1563401,0.5061141,-0.8565114,-1.8957887,-0.259086,-2.8434136
706_town,0.20525503,-0.76085645,0.1850204,-0.16680835,1.5434884,0.35330474,-0.5867923,-1.5368993,1.3264675,-1.0554526
707_city,13.251086,-9.356265,-0.8236458,2.3752034,8.29099,-6.4530787,-8.554853,-7.607798,-5.688984,-2.3681471
707_rural,-3.3603694,2.2443826,1.0652446,-0.104121566,-1.1817334,2.5065618,2.172964,1.7608025,1.6342351,-1.4942157
707_town,-1.6344984,1.2192708,0.13923165,0.011999945,-1.5591658,1.3733231,-0.11136224,2.4751174,1.4618081,-1.5082424
708_city,8.0802355,-5.533024,0.21091987,0.9407535,6.2950177,-3.7004032,-5.0648823,-5.8606267,-3.420253,-1.2328784
708_rural,5.594248,-3.4560266,-0.21482769,0.5046832,5.025526,-1.461007,-3.1621263,-4.02799,-3.2329257,-2.1062562
708_town,6.1783714,-3.6096404,-0.38114497,0.35383677,5.4304147,-2.4107084,-4.069942,-4.2504897,-2.1069553,-1.6433966
709_city,2.5359352,-3.1422968,1.1101379,0.17317417,1.6400248,-1.7157555,-3.0633526,-1.4391941,-0.14344795,-0.39319062
709_rural,-0.28520656,-0.7124889,0.3286995,-0.2566684,1.1914902,1.1496762,-0.6085648,-0.6993426,-0.059945155,-2.7189503
709_town,2.1455615,-1.5270277,-0.45294538,0.79432297,2.1799877,-0.07770882,-1.608233,-2.281108,0.809713,-1.7281641
713_city,7.2174425,-4.002158,-0.30354163,1.517361,6.2513514,-2.9496639,-3.8628154,-4.9876666,-3.494046,-1.7538456
713_rural,-3.3470461,2.7113955,0.8489913,-0.2614774,-0.66875917,2.0755825,1.9194694,1.9611218,1.2407122,-1.4654111
719_city,3.4247687,-3.4821525,0.73293626,0.5127142,3.4020674,-2.0968623,-3.0692053,-1.2553462,-1.4772067,-0.9023117
719_rural,-5.017413,3.2096322,0.7910913,-0.8652259,-1.8840545,2.8300524,2.2560828,3.2560482,1.5220733,-1.5858419
719_town,-1.4350072,0.96880734,-0.11703441,0.07706621,0.39341474,1.3718647,0.94275343,0.18199109,1.6286417,-1.0651789
723_city,0.15758581,-0.38253418,1.4632545,1.031317,1.4471163,0.6893133,-0.010451781,-1.1409966,0.25081846,-1.353684
723_rural,0.8234879,0.23709784,0.43353942,0.5269894,2.0128791,0.18537655,-0.24697112,-0.70433617,-0.6003037,-1.2401572
723_town,-4.06277,4.701376,1.7458105,-1.3826467,-1.8464571,2.9853628,3.6258144,0.46361992,1.7994939,-0.38219163
724_city,-2.1222594,1.8551737,1.9259375,0.04779734,0.40861925,2.2395942,1.6744187,0.5851166,1.0547296,-0.8405373
724_rural,-0.5750815,-0.9531212,0.2889563,-1.5290031,-2.4614472,0.6764782,-1.5473177,2.2645454,0.52588624,-2.0420744
724_town,4.7740602,0.08145454,0.20307809,-0.4294004,4.9260683,-0.86229086,-1.2127235,-5.6070027,-2.603231,-0.8742371
727_city,5.7289977,-5.2450767,0.29247928,1.0843959,4.502704,-1.6778147,-2.7556121,-4.5517354,-1.6626842,-1.5407479
727_rural,0.6617266,-1.4762996,0.028204795,0.17728631,2.4755735,0.41932485,-0.56976974,-1.3790346,-0.6674052,-2.1978483
727_town,-1.7849,0.86795187,0.3384817,0.9834942,0.87391996,1.0940527,0.5879963,-0.2914845,1.2033757,-1.0665704
734_city,-1.3549979,-1.6879059,1.0877302,-1.4986345,-0.34590182,0.6903469,-0.46434584,0.13414721,0.7400116,-0.6723358
734_rural,-4.337466,3.001555,0.5022009,-1.1236676,-0.9272665,3.1988816,3.4150321,1.010402,1.8615392,-1.901681
734_town,0.09016999,-1.6487372,-0.33651772,-0.43962267,1.9815137,-1.1157858,-1.3719288,-1.2154272,0.6381316,-1.0572495
736_city,1.321549,-2.4398065,0.7958455,0.22141439,3.1470995,-2.251314,-1.3541791,-2.1675847,-1.7477219,0.08931972
736_rural,-1.4116392,1.803983,0.6521509,-1.3561041,1.0825232,2.2783525,3.5809247,-1.5906665,0.29393515,-1.2236407
736_town,-1.2733065,0.79614955,-0.19155255,-0.54179615,0.89042884,0.91875374,1.4606717,-0.24245696,1.5936275,-0.72109497
738_city,10.01528,-6.9875402,-0.4570078,0.9970485,7.7976522,-4.1512175,-5.5258265,-7.117509,-4.3615,-1.8889279
738_rural,1.7827632,-1.0675771,1.1393955,-1.2039777,3.388028,1.1429037,0.43931577,-2.735046,-0.69727886,-2.5735254
738_town,5.0660524,-3.0306277,-0.6829916,0.69631964,5.8063593,-1.9961069,-2.6119883,-6.2317386,-1.5715084,-0.47032526
739_city,8.661545,-5.144133,-0.51234704,1.5058632,6.6696577,-3.8049448,-4.984384,-5.514097,-4.0445595,-1.8703468
739_rural,0.47559968,-0.7541059,0.5990904,-0.62682307,2.990236,0.47851014,0.31489962,-2.8729336,-1.1796378,-1.8378422
739_town,0.045317594,1.7124934,0.085593574,0.2046859,2.1701126,0.92943347,1.2154349,-2.4742267,0.31189772,-0.14283533
73_city,-4.5374346,2.4555638,2.225749,-2.6574352,-4.9097023,1.9137571,1.3637621,3.8138163,3.2606497,0.00940329
73_rural,-0.28038928,0.6183767,0.09197814,-3.2916381,-1.4847836,0.9292163,0.92629296,1.378248,0.79523844,-1.6916026
73_town,-4.247638,3.757267,0.87123674,-2.7164578,-4.3786483,1.1706485,0.59838164,4.8553843,3.5663273,-0.31852788
744_city,7.221933,-6.1314044,0.0110781,0.7991758,5.8878,-3.2561681,-4.513523,-7.455,-3.842097,-0.91505146
744_rural,0.8576707,0.0707672,-0.22021076,-1.1331104,1.6087253,2.2589278,1.0193226,-3.2836874,-0.40373462,-2.0618155
744_town,4.372299,-2.4540458,-0.48766038,-0.93327796,4.540229,-1.6495788,-4.112187,-6.4695673,-2.4282365,-1.131567
745_rural,2.0577707,0.73690087,0.8351507,-0.011063223,4.3714333,0.6958068,0.079718344,-2.9226646,-1.363344,-2.4319687
745_town,0.7050519,1.795123,0.2895935,-0.07892576,3.0447216,0.91126746,1.2142795,-2.8215618,-0.5104363,-0.97867244
749_city,0.67420286,0.0006372736,0.95967937,-0.001639695,2.1003551,1.0383079,0.7574043,-1.721043,-0.21410845,-0.6500937
749_rural,-0.10030995,0.39170194,0.9978282,-0.13055323,4.134352,1.3305786,1.2423222,-2.7953181,-1.1710423,-2.2687745
749_town,4.2053833,-1.9900341,-0.123824336,0.92036,4.5247083,-0.7828525,-2.2576778,-5.7191057,-0.7203782,-1.2996603
74_city,-2.8009405,2.7204118,1.2216642,-1.543558,-2.7603443,1.4903438,1.5995414,3.5910974,2.0253577,-0.45173994
74_town,-4.269506,3.0852134,1.2381614,-2.4469192,-4.8895917,1.863717,1.6633824,5.52039,2.670454,-0.27159843
754_city,2.2215734,-3.0288851,1.4947373,0.15700607,1.8570675,-0.23825118,-0.95211077,-3.862638,-1.1373811,-0.51873344
754_rural,2.0923417,-1.2378365,-0.5127902,0.14270093,2.7966561,0.86412275,-1.1643239,-3.23999,-2.0531363,-2.6939082
754_town,1.1019182,-0.6556616,-1.1001661,0.047219492,2.4578788,0.36952958,-1.0385487,-2.7696698,0.2858941,-0.98878884
756_city,0.10278155,-1.0027196,1.7243491,0.18360825,1.5326158,0.033600003,-0.481811,-1.146893,-0.4498753,-0.23071596
756_rural,1.8933618,-0.85791516,0.5388589,0.49627724,3.076975,0.81745195,-0.07651739,-2.7331738,-1.1384815,-2.3628736
756_town,1.5351732,-0.93549716,-0.61338,0.8203159,2.2830493,-0.2597284,-0.62935007,-2.0311959,0.5788802,-0.8673185
75_city,-5.2981634,2.1158843,1.1299868,-2.8722014,-7.9786153,1.92266,0.51620305,6.7620854,2.9592311,0.18097118
75_rural,-6.347101,5.4513526,1.4214629,-3.2522163,-5.6866355,3.4837697,3.1996782,3.9369256,2.7164469,-0.67627484
75_town,-5.9925575,5.841029,1.8155832,-0.5465863,-1.7977937,3.8676093,4.58045,2.399855,2.4779787,-0.7907733
766_city,3.293464,-2.9183648,1.5081985,0.77562803,1.8904741,-1.2916006,-2.1858132,-1.9359038,-0.44157785,-1.9547575
766_rural,-2.2986083,0.92446536,0.67311186,-0.94241416,-0.97953033,2.6898768,0.5168147,1.7068361,0.8205504,-2.2654552
766_town,-0.4344349,-1.1270592,-0.4751015,-0.3295108,0.2890481,0.31145084,-1.3794377,0.29104784,0.91089576,-1.2719648
769_city,2.9380937,-3.2014122,0.90510786,0.7068721,4.2433705,-1.0908794,-1.5625081,-4.396991,-2.0428243,-1.3502519
769_rural,2.2111413,-0.69418603,-0.37981966,0.94774675,3.0126889,1.2541858,-0.12356501,-2.7562504,-1.3367534,-2.3780034
769_town,1.50655,-0.53264534,-1.0227398,0.16916525,3.0439725,-0.033353407,-0.76898235,-3.2432115,-0.009800289,-0.9531028
76_city,1.2953581,0.90146196,1.3169067,-0.7925403,0.49085343,-0.5529084,1.1408625,0.33355612,0.2001385,0.14099282
76_town,1.8959253,0.99552333,0.41492715,-0.0015219509,2.3152595,-1.3375536,0.69395244,-0.9846023,0.16144979,-0.85287404
774_city,-3.6599565,1.9804482,1.2901934,-1.1217338,-0.2700279,1.9937296,2.4283078,-0.955073,1.1534696,-0.20342165
774_rural,-2.7765796,3.832413,1.0048676,-1.3081462,-0.17368296,2.6353369,3.091547,-0.53084457,0.92393064,-0.7939114
774_town,-1.3910844,2.5609975,0.4079047,-0.9549759,1.4349576,1.677599,2.340113,-2.381039,1.324002,-0.45293564
779_city,1.72492,-3.208768,1.9846132,-0.21075398,2.692288,-0.23449914,-0.43762982,-2.313021,-1.6616396,-0.66237104
779_rural,-0.39774105,-1.3451513,-0.16631724,-1.1536396,1.6404954,1.0958961,-1.0181919,-0.598307,-1.3843956,-2.2503672
779_town,-0.47936422,-0.24644092,-0.29042488,-0.10603713,2.2281704,0.44872162,-2.4504232,-2.0544746,0.40721944,-1.7616796
77_city,-2.4507265,1.3739654,1.1915016,-1.4202312,-5.238817,1.3956006,0.14089778,3.5855606,1.6887456,-0.69421947
77_rural,-6.845788,6.4485035,1.9571253,-1.5795141,-3.7160718,4.187434,4.122863,4.877535,2.2540884,-0.8443396
77_town,-4.0115433,4.529489,0.80473435,-0.630975,-1.7022295,2.8508103,3.255653,2.211852,2.016912,-0.53465986
783_city,5.297365,-4.7936893,0.6303159,1.4501485,3.6657224,-2.212172,-3.1778376,-3.442182,-1.3275915,-0.97009134
783_rural,0.3852852,-0.012409333,-0.09164073,0.8536879,1.209432,1.0799903,0.017278578,0.783802,0.056417663,-2.806682
783_town,0.33394623,-0.16232145,-0.26042917,0.99671024,2.4947002,0.30345318,-1.4698558,-0.2546817,0.2439867,-1.6428407
785_city,2.8124917,-2.608381,1.2086569,0.18500419,2.213675,-1.0340155,-1.542437,-2.621156,-0.4801072,-0.80339473
785_rural,0.3278132,-0.5134457,0.1275286,0.033145294,1.8393852,1.5259398,0.18567722,-2.1560159,-0.6783956,-2.4146535
785_town,0.49129897,-0.38873884,-0.46952897,0.21466503,0.8123946,0.62340325,-1.4075304,-1.2250336,1.2818003,-1.3531305
789_city,-2.470807,3.4763525,1.2006462,-0.5966905,-0.091495104,2.1418955,2.663548,-0.17214961,0.8361331,-0.61978716
789_rural,-5.524809,7.1697745,2.0435696,-1.6214831,-1.0814654,4.0074797,5.1825438,0.30837125,1.6063097,-0.60295266
789_town,0.832775,2.267562,0.74021566,0.7915038,4.370635,0.8382296,1.8410069,-3.5620852,-1.067366,-1.0461556
78_city,-4.260934,3.8269434,2.227718,-1.8223175,-4.0684223,1.693101,2.2896345,1.8100556,2.5675828,0.21179332
78_rural,-0.6835287,1.700786,0.72210264,-2.902728,-1.9077263,1.4004672,0.35296765,1.5686297,0.4962102,-1.8735712
78_town,-5.748708,5.40576,1.4856168,-1.385681,-3.4930542,2.5581558,3.0479589,2.4168956,2.7378242,-0.25129583
799_city,2.8544517,-2.2479231,1.810792,0.2072053,3.219233,-1.539472,-1.2788156,-3.599035,-1.2310162,-0.20755588
799_rural,2.7067122,-1.1415293,0.21778171,-0.6034953,4.2265124,0.14578804,-0.19139543,-2.6149406,-2.0475664,-2.203609
799_town,1.6107806,-0.8249768,-0.3141371,0.5840556,2.0724304,-0.8281694,-2.6480618,-3.3976607,0.26969123,-0.26371711
79_city,8.982359,-5.561277,-0.23400745,1.845344,7.281079,-3.9972577,-5.0796456,-6.4141665,-4.197072,-1.8924519
79_rural,-1.7510672,2.1529555,0.7560283,0.19454738,1.2037046,1.9194276,1.8501258,1.1693157,-0.36497158,-0.7630046
79_town,4.003097,-1.392933,0.3299185,0.61379355,2.7654157,-0.073260516,-2.94066,-1.5896347,-1.0081607,-2.2522686
7_city,1.3940228,-0.89815176,-0.1536909,-2.9068503,-1.7021663,-0.83677053,-0.5230636,0.12092966,-1.945161,1.8042818
7_rural,0.42872208,2.1256695,-0.5978898,-0.6290423,0.7091525,0.71830297,1.8234296,-1.3020128,-2.2227082,0.49213302
7_town,-0.23125799,1.4108357,-0.60947216,-2.0021756,0.3699011,-0.6410589,-0.53998345,0.027009265,-0.8548331,1.1687908
804_city,2.4250748,-3.7211165,0.99094117,0.2520234,0.7866653,-0.43648043,-1.5118842,-1.8699453,-2.038281,-0.61077553
804_rural,0.95809495,-1.343083,0.35231337,1.536089,3.9329293,0.5066626,-0.7635755,-1.7661238,-2.8182774,-1.8660265
804_town,1.4688642,-0.73179793,-1.209056,1.5898633,1.6289026,0.18171176,-1.5812511,-1.3364248,-0.55159944,-0.6827572
808_city,2.7227826,-0.37940207,1.5663617,-0.16353685,2.5762413,0.041393556,-1.16079,-3.4148595,-1.1340454,-0.38465133
808_rural,6.4840345,-2.6321776,-0.77593225,1.170011,6.813347,-1.3889095,-1.6721718,-6.587308,-3.8478823,-1.9742297
808_town,4.9876595,-0.7303531,-0.1763123,0.58811474,4.5459337,-0.96331805,-1.9806017,-4.605237,-2.3454812,-0.62742734
809_city,5.14561,-2.5349588,0.86460805,2.907406,5.4966407,-1.6607069,-2.0279937,-5.229139,-3.473349,-0.61307544
809_rural,2.9454615,-0.13889481,0.27259457,1.7421347,5.565445,0.0037420557,-0.06460552,-3.9220247,-2.0752494,-1.2243468
809_town,3.5261142,-0.4123412,0.2709998,1.499333,4.8767333,-0.8553019,-1.9877284,-4.5966496,-2.060333,-0.9950215
813_city,-2.4767766,2.0597718,1.6636686,0.28185853,-0.370452,2.4344716,1.6950712,-0.5286236,0.5182154,-0.67528975
813_rural,10.525467,-5.239435,-0.51923525,1.7556771,8.907957,-4.105017,-5.4956956,-8.888656,-5.6734147,-2.1693776
813_town,-4.270288,4.7958035,1.5099527,0.34487808,-1.1730675,3.3715181,2.00667,1.3028816,1.2729356,-1.1771101
823_city,1.3672632,-1.0155902,1.3762054,-1.9968247,-3.154217,0.13499777,-3.160958,1.7627095,0.5442488,-0.7930413
823_rural,16.797272,-11.3460245,-1.5722876,1.8225414,8.563523,-8.170388,-11.41825,-8.238904,-6.6871634,-2.9941812
823_town,-1.1200433,0.9591186,0.5468828,-0.34199858,-1.8557663,0.6889825,-0.31004927,1.7118915,1.4319874,-1.5982461
824_city,7.7358828,-6.256211,0.48729625,-0.15736967,2.4216728,-3.9096458,-7.3482394,-2.3792024,-2.9921408,-1.3386877
824_rural,5.864218,-5.131826,-0.18746613,0.40925363,2.159918,-2.8086567,-5.1384645,-1.4106026,-2.26769,-1.7941629
824_town,0.90650284,-0.6100018,-0.06440978,0.81671154,1.813111,-0.13508107,-0.76141566,-0.75323987,-0.56645954,-1.0854068
825_city,0.10180336,-0.09058075,1.1451921,-0.48514408,-0.004151759,0.5990942,-1.2323688,1.4984692,0.15468648,-0.7622751
825_rural,1.133305,-1.0271953,-0.044592846,0.28306705,1.7773874,0.060172286,-0.85718,0.23649445,-0.9855235,-1.7338032
825_town,-3.8205874,3.0648205,1.5481412,-0.08146512,-2.550667,2.2377067,1.9132216,2.8031373,2.2419956,-1.2017187
829_city,1.606213,-1.1068517,1.0678606,0.5195277,-0.06015234,-0.59354955,-1.2070794,-0.6274217,0.006731608,-1.1832508
829_rural,1.2765986,-0.671042,0.6860297,0.4745347,0.56717813,0.033899195,-1.5750451,-0.040742837,0.18736203,-1.8626932
829_town,2.9513888,-0.49539515,1.2094977,1.8176509,3.8198793,-0.10884168,-0.71755606,-3.7227108,-0.90360296,-1.671431
844_city,1.085073,-1.2035165,1.9530803,2.1892593,0.55978924,0.26455837,-1.3234243,-0.7386562,-0.41152173,-1.428845
844_rural,3.39327,-2.7479627,-0.4007222,1.7179908,3.425051,-0.35574207,-2.0863817,-1.2258687,-3.4573748,-2.141561
844_town,3.3088593,-2.138141,-0.9183636,1.6325322,3.1233962,-0.8931895,-2.9327407,-1.4446058,-1.1257282,-0.5717336
848_city,1.3901917,-2.012272,1.9538182,0.8406632,0.4407981,0.030428378,-1.8672593,-0.3707209,-0.8717753,-1.2421771
848_rural,1.4701046,-1.2726213,0.7072629,2.3865476,3.4160776,0.8520545,0.24837549,-1.2647276,-1.037125,-1.8869829
848_town,2.142223,-2.3526409,-0.7085571,2.1424818,3.4320977,-0.7336643,-1.9927055,-1.956954,-0.90974116,-0.510345
84_city,0.060271338,-1.8887019,1.05626,-4.6423206,-10.550038,-0.7789018,-5.835744,8.40531,2.3054278,-0.47919998
84_rural,-1.8255996,0.8778271,1.6404918,-3.4294207,-5.3846016,-0.005076481,-1.9618368,4.381851,1.5263948,-0.38363656
84_town,1.5959125,-8.473904,-1.3496776,-7.7511396,-18.312555,-4.9469523,-13.618769,14.134185,3.2155612,-1.0215299
859_city,4.180315,-4.3015413,0.8023257,0.63569087,0.77397716,-1.8685822,-4.5129523,-0.70586956,-2.1219409,-1.3867521
859_rural,-2.4062915,-0.19745575,1.1025313,-2.299323,-6.2395897,0.38775322,-1.6711262,5.321605,2.2206144,-0.8533613
859_town,7.8990717,-6.6271205,-0.70840925,0.9272481,3.9463441,-4.076638,-6.689158,-3.4441268,-3.2233725,-1.333333
85_city,-4.368725,1.6476979,1.1291302,-3.576245,-7.718463,1.5247425,-0.67246246,6.679824,2.835077,-0.59823537
85_rural,0.17712651,-0.046587903,0.7442708,-1.2545463,-1.3580573,0.21444677,-1.208888,1.1321328,0.3286519,-1.1287484
85_town,-1.2544622,0.1145461,0.49765992,-1.8268535,-3.3724577,0.32473975,-1.8315073,3.270717,1.1301247,-0.79335314
866_city,-8.434546,7.055385,1.8660257,-0.2532992,-2.936964,4.579258,6.129754,4.3506236,3.5186372,-0.5823488
866_town,-5.221682,4.1669483,1.8528463,-0.0012435246,-2.2599308,3.053317,3.6243722,2.6699905,2.5062993,-0.7635287
869_city,2.2659366,-2.2149785,1.3583821,1.2613124,0.80173934,0.2623523,-0.81281364,-1.2151612,-0.88183624,-0.8304905
869_rural,-0.16973789,0.045174003,0.268757,1.0191498,1.6696836,1.4124926,0.34051523,0.16104887,-1.2449704,-1.9040952
869_town,-0.5776781,1.0765618,-0.547226,2.4685698,1.164336,0.78814197,-0.39413553,-0.31095102,0.26167294,-0.6809519
86_city,-1.6577522,5.0524244,2.277843,-2.611449,-2.1010225,3.1672935,2.226607,0.43037295,1.6454313,-0.7056193
86_rural,-2.8879368,2.2627838,1.5701714,-3.7650769,-8.302939,1.6751577,-1.4054173,6.8243036,3.1480625,-1.2409973
86_town,-2.967752,4.9411664,2.3633027,-2.0888045,-3.9640663,2.4331102,1.5942338,3.0454721,2.330073,-1.4700195
875_city,-0.8401428,-0.6987699,2.0626955,-0.18942998,-0.9649572,0.5119603,-1.6544373,0.74661046,-0.4710526,-1.2009149
875_rural,7.6397924,-5.241364,-0.67687386,2.507751,6.2635646,-2.701178,-4.3720345,-5.286327,-4.068523,-2.734314
875_town,1.306692,-0.5670985,0.6868974,1.4966422,2.6084023,0.060694158,-1.0522666,-2.1602147,-0.9602867,-1.3436183
87_city,7.4274626,-0.028237546,1.3097508,2.5717487,9.841306,-1.6796937,-0.2406994,-9.044004,-3.5316842,-2.0289218
87_rural,11.485956,-4.0702443,0.3231979,2.131274,9.3480835,-4.0579505,-4.4115977,-9.069864,-4.771716,-2.493041
885_city,2.8110726,-1.3929728,0.9686183,1.9449782,3.681604,-0.37194365,-0.49918228,-3.9301956,-1.8559985,-0.5942807
885_rural,-0.11496046,1.7535746,0.67214525,0.6423093,2.4533472,1.645389,1.262403,-0.042814024,-0.85448074,-1.7729062
885_town,-0.8467307,2.2831948,0.046363942,1.5858507,2.2880268,1.5464944,0.08256544,-0.47057116,0.15520719,-1.2584716
887_city,-0.2934827,-0.9392933,1.131965,-0.06009722,-0.24761628,1.1722974,-0.72460145,-0.7125328,-0.3673329,-0.99600494
887_rural,5.430985,-4.4615006,-0.79187506,1.3245807,5.0475273,-1.5280198,-3.9606643,-3.9960885,-3.5427978,-2.8144634
887_town,0.56749475,-0.34179112,-0.39949945,1.0788174,1.5761437,0.67709005,-1.597187,-1.4132053,0.21165398,-1.3107293
888_city,1.4626809,-1.3354064,0.6020191,-1.6400421,-0.808992,-0.49665853,-2.6139045,-2.044221,-1.0664749,-1.1871157
888_rural,-3.573954,3.0869796,1.0174452,-1.2596655,-1.5812387,2.8239756,2.286249,0.09207404,1.1222548,-1.4279841
888_town,-2.6457393,2.6262236,0.034119762,-2.1394534,-0.9764325,1.8754476,0.7773548,-0.46792418,0.6537114,-0.8339525
889_city,-0.9349558,-1.3706673,1.8550324,0.41796517,0.41510597,0.48569694,-0.7457207,-1.0568758,-1.4505287,0.3883405
889_rural,0.6837983,-0.83555824,0.4427577,-0.13178612,0.823757,1.5889739,0.36241934,-0.3007327,-1.806712,-2.3684554
889_town,-0.7858548,0.64236677,-0.174554,0.3674017,1.3057083,0.656722,-1.2338117,-1.1942474,0.24542527,-0.6079102
88_city,6.461338,-2.1116793,0.7649541,-0.32092544,2.4228761,-2.0731611,-3.8414283,-2.715804,-1.9623551,-1.8438113
89_city,1.556042,2.93952,1.5986296,-0.38898236,0.36225614,0.7739321,0.4742834,-2.241092,-0.7871932,-1.0168209
89_rural,0.51653886,1.4282528,1.3848064,-1.7431101,-2.9540687,0.7716962,-1.5829202,1.8971204,0.5417788,-1.4759372
89_town,-2.4008071,5.691023,2.588604,-1.5740293,-2.4211292,2.825439,1.3737396,1.491353,1.4041287,-1.1602179
905_rural,9.765593,-5.627675,-0.699245,2.420055,8.612051,-4.2447324,-5.022348,-6.7957797,-4.7079177,-1.9731048
905_town,-1.7785017,3.6327817,1.5700474,-0.6577186,0.5669656,2.0320852,2.9892988,-1.8017726,0.6468854,-0.546041
95_city,2.528113,2.1948,2.201085,-2.0315802,-0.75811875,0.56623286,-0.8062793,-2.6502585,-2.2436442,0.07363285
95_rural,3.3335514,2.4002275,0.8010388,-3.4733908,0.29714257,1.6428791,0.03529416,-2.563331,-0.9483961,-1.60165
95_town,2.5316014,3.8972714,0.5570874,-2.4365215,1.2086328,0.4585243,-0.90631825,-2.270974,-0.8087313,0.09330207
96_city,-1.3566556,2.1135573,1.8253142,-1.8852482,-3.0968752,1.323136,0.25459173,1.150076,1.0712141,0.07640319
96_rural,-5.874863,7.002205,2.4694738,-2.0588787,-3.0408666,4.172535,4.5530763,2.8971386,2.3597474,-0.88427824
96_town,1.1755078,2.0388465,0.8993988,-1.5133141,-0.2617573,0.7896161,-0.6187862,-0.6370764,0.27514768,-0.92985404
97_city,2.0125222,2.463505,2.1728027,-0.84315926,2.4919696,1.2245053,1.6579472,-4.642313,-0.94880205,-0.41843358
97_rural,5.3378,-0.19082223,0.13631883,-1.1231184,4.0786114,-0.46769443,-1.719493,-5.348224,-3.5282316,-1.4645954
97_town,2.0059307,3.2040205,0.68996197,-0.31408882,3.1750114,1.0934584,0.60358495,-4.587455,-1.3035991,-0.3997851
